카테고리,메뉴,재료,레시피
한식,김치찌개,"김치 1/2포기, 포도씨유 1큰술, 깍두기국물 1/3컵, 대파, 두부, 물(멸치육수), 참치 1캔, 설탕, 고춧가루, 다진 마늘 1큰술, 멸치육수","1. 일단 지금알려드리는 방법은 식사전에 준비하시기 보다 시간적인 여유가 있으실때 미리 김치볶음을 만들어 두셨다가 사용하셔야 해요.
2. 냄비에 큼직하게 썰은 김치(대략 배추 1/2 포기)를 넣고 포도씨유 1큰술을 넣고 볶아주세요. 이때 김치 국물 혹은 저같은 경우는 깍두기 국물을 1/3컵 정도 넣어 주었어요. 김치국물이 들어가면 따로 간을 하지 않아도 되거든요. 또한 이때 설탕을 조금 넣어주시면 김치가 더욱 빨리 무르게 익어요. 또한 고춧가루를 넣어주면 색도 이뻐지고 윤도나지요.
3. 볶는 중간에 다진마늘 1큰술도 넣어주세요.
4. 김치가 타려는듯 하면 중불에서 물 혹은 멸치육수를 1컵 정도 부어준후 가끔씩 저어가며 뚜껑을 덮고 푹~~ 익혀줍니다.
5. 김치가 익으면 수분이 나오기도 하니 처음부터 너무 물이나 육수를 많이 붓지는 마셔요. 김치를 30분 정도 푹 익혀주면 밑준비 끝!!~
6. 볶아둔 김치는 식힌후에 통에담아 냉장고에서 최소 반나절이상 숙성시켜 주세요. 국물이 자박하게 있으면 나중에 김치찌개 끓이실때 따로 간을 하지 않아도 되요.
7. 물 혹은 멸치육수를 냄비의 3/4 지점까지 부어준뒤 끓여주세요. 이떄 볶은김치의 양이 넉넉히 들어가야 더욱 맛있는건 아시죠? 물이나 육수가 부글부글 끓으면 김치찌개 완성!  김치찌개에는 돼지고기나 참치를 넣으면 더욱 맛이 좋지요? 돼지고기를 넣으실때는 물 넣으실떄 같이 넣어 주신후 돼지고기가 익으면 완성!~  이번에는 돼지고기가 없어서 담백한 네모모양의 델큐브 참치를 사용했어요.
8. 두부와 대파도 조금 준비해 주셨다가 김치찌개가 보글보글 끓으면 두부와 대파를 살짝 얹으시고 불을 끄신후 식탁으로~"
한식,된장찌개,"느타리버섯 1줌, 양파 1/2개, 애호박 1/4개, 청양고추 2개, 두부 1/4모, 물 1.5종이컵, 된장 2T, 진간장 1T, 고추가루 1.5T, 다진마늘 0.5T, 설탕 0.5티스푼, 소금 간맞추기 ","1. 물1.5종이컵에 된장,고추가루,다진마늘,설탕,간장을 한데넣고 한소끔 끓여줍니다.
2. 그사이 양파,버섯,애호박,청양고추,두부는 적당한 크기로 썰어줍니다.
3. 한소끔 끓은 된장물에 양파,버섯,애호박,청양고추,두부를 넣어 줍니다.
4. 애호박이 익을때까지 끓여주어 간을보아 부족한간은 소금으로 해주어 완성. 저는 부족한간이 없어 소금은 넣지 않았습니다."
한식,불고기,"소불고기 400g, 식용유 약간, 물 1/4cup, 후추 약간, 송송 썬 쪽파 1대, 간장 3T, 물 2T, 설탕 2T, 청주 2T, 다진 파 1T, 다진 마늘 1T, 다진 생강 1/4T, 참기름 약간","1. 불고기는 먹기 좋은 크기로 썬다.
2. 양념장을 만든다.
3. 불고기에 양념장을 넣고 잘 섞는다.
4. 팬에 약간의 기름을 두르고 불고기를 익힌다.
5. 고기가 타지 않게 중간마다 물을 넣는다.
6. 후추를 약간 뿌린다.
7. 구운 고기 위에 쪽파를 뿌린다."
한식,비빔밥,"돼지고기 100g, 애호박 1/5개, 양파 1/2개, 당근 1/3개, 고추장 2T, 간장 2T, 설탕 1.5T, 깨소금 1T, 참기름 1T, 식초 1T","1. 양파, 당근, 애호박을 채썰어서  준비합니다.
2. 비빔밥에 비벼먹을 양념장을 준비합니다. 고추장 2T +간장 2T+설탕 1.5T+깨소금, 참기름 +식초 1T를 넣고 잘섞어 양념장을 만듭니다.
3. 먼저 당근을 소금 1꼬집 넣고 색깔이 나게 볶아줍니다.
4. 애호박도 소금 1꼬집 넣고 볶아줍니다.
5. 양파는 간장 1T 넣고 중불에 볶아줍니다. 꽤 오래 볶아서 단맛이 나게 볶아줍니다.
6. 소금, 후추로 밑간해 놓은 채썰어준 돼지고기를 볶아줍니다. 익은 돼지고기를 아까 만들어 놓은 양념장과 섞어 줍니다.
7. 따뜻한 밥위에 볶아 놓은 야채를 올리고 반숙 계란 후라이, 양념장을 크게 1T 떠서 셋팅하면 비빔밥 완성!"
한식,갈비찜,"돼지갈비 2kg, 감자, 양파, 대파, 당근, 버섯, 밤, 청양고추, 진간장 2컵, 설탕 1컵, 물 2컵, 맛술 1컵, 파 1컵, 참기름 1/3컵, 다진마늘 1/2컵, 다진생강 1T (생략가능)","1. 반나절 이상 물에 담궈서 핏물을 빼야겠지만, 그러기엔 시간이 넘 부족하고 오늘 저녁 당장 먹어야겠어서 2시간만 담궈주었어요.
2. 중간 중간에 물을 갈아주면서 뼈가루나 불순물 제거와 함께 핏물도 싹 빼주세요. 갈비는 뼈가 있어서 기계로 작업하기 때문에 뼛가루가 곳곳에 남아있게되는데, 이 과정을 거치지않으면 그걸 고스란히 먹게될수도 있으니 시간이 없더라도! 이건 꼭 빼먹지마세요.
3. 핏물을 빼는동안 야채들을 손질하구요, 재료는 대체적으로 조금 큼직하게 써는게 좋아요. 오래 익혀야 하니 그 과정에서 형체를 알아볼수 없게 될수도 있거든요.
4. 백선생님께서 당근이나 감자는 동글동글하게 다듬어 주라고 했는데, 저는 그것마저 아까워서 그냥 막 썰어 넣었네요ㅋㅋㅋ 손님이 올것도 아니고 우리 가족 먹을거니 대충 대충
5. 돼지갈비찜 만드는법 중에 제일 중요한 고기용 만능소스! 요거 메모를 해서라도 꼭 기억해두세요~ 비율이 중요하니 위에 적힌 레시피대로 만들어 놓고 냉장보관했다가 고기요리 할때마다 꺼내서 사용하기도 좋답니다.
6. 생강은 없어서 생략했는데 있으면 넣어주시면 좋겠죠? 없으면 저 처럼 안넣으셔도 맛에 큰차이는 없을듯 싶어요~ 재료는 최대한 비슷하게만 넣어주시면 되니 없다고 마트 막 달려가고 그러지마세요.
7. 두 시간 동안 핏물을 제거한 돼지갈비에 미리 만들어둔 고기용 만능소스를 부어주어요.
8. 고기가 요만큼 잠길정도로~ 2kg에 다 사용하려니 많은듯해서 저는 남은거 유리병에 부어서 따로 냉장고에 넣어뒀어요. 애들 간장불고기 할때 저것만 넣고 만들어도 참 맛있겠더라구요^^
9. 그리고 물을 조금 더 넉넉하게 부어줍니다. 따로 계랑하지 않아서 얼만큼 부었는지 기억이 나진않지만, 첨부터 너무 많이 넣진 마시고 한컵씩 넣어가면서 간을 보고 가감하시면 되어요.
10. 부글부글 끓기 시작하면 거품이 둥둥 뜨게되는데요, 요건 걷어내야 하는거 아시쥬?
11. 20분정도 끓인후 딱딱한 무나 감자를 먼저 넣어주세요. 저는 무가 없어서 감자만 넣어줬어요~ 백종원 갈비찜의 포인트 중 하나!! 야채를 나누어서 넣는건데요, 1차: 무 2차: 버섯,당근 3차: 양파,고추,파 이런식으로 딱딱한 재료들을 먼저 넣어 익혀주는거에요.
12. 끓으면 다음재료를 또 넣어주고, 간을 보고 짜다 싶으면 물을 조금씩 첨가해가며 끓여주시구요~
13. 마지막엔 금방 익는 야채들을 넣고 한번 팍! 끓여주면 끝!!"
한식,잡채,"당면 1.5줌, 당근 약간, 파프리카 약간, 목이버섯 1줌, 양파 1/2개, 부추 약간, 잡채용 돼지고기 1줌, 다진마늘 1작은술, 진간장 1작은술, 참기름 1작은술, 미림 맛술 2작은술, 후추 약간, 간장 10큰술, 물엿 20큰술 (평평하게 깍아서)","1. 목이버섯은 물에 살짝 불려서 사용할꺼예요 물에 버섯을 한줌정도 넣어서 불려주세요
2. 잡채용 고기에는 밑간을 살짝 했다가 볶아줄꺼예요 다진마늘, 간장, 참기름 1작은술씩 넣어주고 미림 2작은술, 후추 약간 넣어 20분정도 밑간해줬어요
3. 부추, 양파, 당근, 파프리카등의 야채는 먹기좋은 크기로 잘라서 준비해주세요
4. 당면은 끓는물에 11분 삶아주는게 맛있는 잡채 만드는 포인트예요 !
5. 당면이 삶아지는 동안에 부추를 제외한 나머지 야채와
6. 고기를 후라이팬에 따로 볶아서 준비해주세요
7. 당면은 11분이 지나면 바로 채에 걸러 찬물에 헹궈서 준비해주세요
8. 그리고 바로 당면에 양념을 입혀줄껀데요 위에서 말씀드렸다 싶이 간장과 물엿은 1:2 비율로 넣어주시면 되요
9. 양념이 팔팔 끓어오르기 시작하면 준비해두었던 당면을 넣어주고
10. 카놀라유를 4큰술 정도 둘러주세요 ~ 그래야 당면끼리 서로 달라붙지 않고 불지 않는다고 하더라구요 ~
11. 그리고 센불로 양념이 졸아들때까지 저어가면서 당면에 색을 곱게 입혀주시면 된답니다 ~
12. 당면의 양념이 어느정도 졸아들면 큰 양푼이나 그릇에 넣고 한김 식혀준다음 미리 준비해두었던 야채와 고기를 전부 넣고 골고루 맛있게 비벼주시면 된답니다 ~!!
13. 저희 신랑은 당면을 그리 좋아하진 않아서 저는 당면보다 야채랑 고기를 더 많이 넣어줬는데요 이렇게 하니 훨씬 맛있게 잘 먹는것 같더라구요 ~"
한식,삼계탕,"닭 2마리, 삼계탕용약재, 찹쌀, 마늘, 소금, 대파","1. 찹쌀은 집에 한컵정도 밖에 안남았길래 이거라도 넣어줬어요 찹쌀은 1시간이상 불려서 준비해줍니다
2. 삼계탕용 약재는 마트에서 파는걸로 편하게 준비했구요 이안에 황기랑 그외 등등등.. 대추도 들어있어요ㅎㅎ 냄비에 물을 넣고 약재를 다 넣고 30분정도 끓여줍니다
3. 보통 닭이랑 약재랑 한번에 다같이 끓여주시던데 저는 저희엄마가 하시는 방식으로 할거에요~ 약재로 육수를 먼저 끓여준후 닭을 넣어야 더 맛있다고 하더라구요
4. 육수가 만들어질동안 저는 닭손질을 해야겠지요~ ​닭 두마리를 봉지에서 꺼내줬는데 매끈한게 참 요염한 자태를 뽐내고 있네요 하다보면 괜찮지만 처음엔 꺼내고 이걸 어쩌지 멍~ 했다는ㅎㅎ​ ​
5. 먼저 닭의 기름이 가장 많다는 꼬리부분을 잘라주셔야 해요 자르고 그주변으로 보이는 기름들 다 제거해주세요
6. 날개부분도 끝부분은 잘라주세요 닭손질 겨우겨우 끝! 구석구석 기름있는거 다 제거하고 안에 내장이나 더러운것들 다 파내고 흐르는 물에 씻어주고~ 한 30분정도? 소요된것 같아요
7. ​ ​ 다 손질된 닭은 보기좋으라고 다리를 꼬아줬어요​ ​보통 닭안에 대추 찹쌀 등등 다 넣으시는데 저는 안넣고 그냥 끓일거에요! 개인취향대로 안에 내용물 넣으시고 꼬으셔도 되요^^
8. 30분정도 후 육수가 진~하게 잘 우러났어요 이제 닭2마리 퐁당 해주시고 찹쌀도 그냥 넣어주세요
9. 원래는 통마늘을 넣어야되는데 저는 통마늘의 필요성을 못느껴 마늘은 다 갈아버리거든요 ㅜㅜ 어쩔수없이 다진마늘을 1스푼 넣어줬어요 ​ ​근데 저는 오히려 통마늘은 익어도 잘 못먹겠는데 다진마늘은 은은하게 마늘향도 나고 좋더라구요 앞으로도 저는 삼계탕할때 그냥 다진마늘 넣으려구요^^ ​  ​
10. 푹 30~40분정도 끓여줍니다 닭은 너무 오래끓이면 ​질겨지니 적당히 끓여주세요!! ​
11. 마지막에 간은 소금으로 해주시고, 대파 송송 썰어서 넣어서 한번더 끓여주세요
12. ​짠! 여름보양식 삼계탕이 완성됫어요"
한식,떡볶이,"떡볶이떡 2컵, 물 2컵, 대파 1/2대, 통깨 약간, 고추장 2T, 고추가루 1.5T, 간장 2T, 설탕 3T","1. 먼저 종이컵 기준 물 2컵에 떡볶이떡을 넣고 센불에서 팔팔 끓여 줍니다.
2. 물이 팔팔 끓으면 양념을 다 넣어준 뒤 잘 풀어주고 또 자글자글 끓여 줍니다.
3. 국물이 졸아들면 대파를 가위로 쫑쫑 썰어 넣어주시고 통깨 약간 뿌려 주시면 끝!
4. 너무 간단한데 맛있어서 놀라는 백종원 분식점 떡볶이 완성입니다!
5. 한개 먹어보니 어머머!정말 분식점에서 파는 떡볶이 맛이 나면서 넘 맛있어요. 너무 간단한데 맛있어서 놀랬어요^^"
한식,순두부찌개,"순두부, 대파 1/4개, 양파 1/4개, 애호박 1/4개, 청양고추 1개, 달걀 1개, 참기름 1큰술, 식용유 2큰술, 고추가루 1.5큰술 , 소금 1/2큰술, 설탕 1꼬집, 굴소스 1큰술, 간장 1큰술, 다진 마늘 1큰술, 멸치육수","1. 제일 먼저 멸치 육수를 끓여주세요. 멸치외에 있으면 표고버섯 약간, 다시마 약간 넣고 끓이면 되는데 없으면 멸치만 넣고 그냥 끓여도 됩니다.  ​  그 다음은 채소를 손질해야겠죠. 대파 1/4과 양파 1/4을 잘게 썰어주시고요.
2. 매콤한걸 좋아하시는분은 청양고추 하나 어슷하게 썰어주시고
3. 호박 1/4은 반달 모양으로 썰어주세요.
4. 재료손질은 벌써 끝났네요. 다음은 준비한 뚝배기나 냄비에 참기름 1큰술,  식용유 2큰술을 넣어주세요.
5. 그리고 준비한 양파, 대파를 넣고 볶아주세요.
6. 그리고 고추가루 1큰술 반을 넣고 고추기름을 만들어줍니다. 매운걸 못드시는 분은 한큰술만 넣으세요.
7. 고추기름을 만들었으면 소금 반큰술, 설탕 한꼬집을 넣어주세요. 설탕은 안넣으셔도 되긴 한데 보통 식당에서는 넣죠.
8. 그 다음엔 굴소스 1큰술, 간장 1큰술을 넣고 저어서 섞어주세요.
9. 그 다음은 멸치육수를 부어주세요. 준비된 냄비에 반 정도를 채워주세요. 너무 많이 부으면 순두부 넣을때 넘칩니다.
10. 자 이제 팔팔 끓여줍니다. 끓기 시작하면 호박과 고추를 넣고, 다진마늘도 한큰술 넣어주세요~
11. 그 다음은 순두부를 넣어줍니다.
12. 마지막으로 달걀과 파를 넣어 마무리 해줍니다.
13. 제눈에는 엄청 맛있어 보이는데 어떠세요?  사실 순두부찌개의 맛을 좌우하는 바지락이나 돼지고기 없이 맛을 내려면 쉽지 않은데요. 제가 생각하는 포인트는 바지락이나 돼지고기가 없으면 굴소스 정도는 꼭 들어가야 하고, 멸치육수도 필요합니다. 그리고 간이 적당히 맞아야 합니다."
한식,제육볶음,"돼지고기앞다리살 1근, 양파 1개, 당근 1/3개, 마늘 1스푼, 파 약간, 고추 기호에맞게, 간장 2스푼, 물엿 1스푼, 매실액 2스푼, 고추장 1스푼, 고춧가루 2스푼, 후추가루 약간","1. 팬에 불을 켜지않고 핏물을 키친타월로 가볍게 제거한 돼지앞다리살1근을 넣고 마늘반스푼, 간장1스푼, 후추가루약간을넣고 조물조물 재워주세요
2. 고추가루2스푼, 진간장1스푼, 마늘반스푼, 물엿1스푼, 매실액2스푼(없으면 설탕2/3수저로대체), 고추장크게1스푼,후추톡톡해서 양념장을 만들어주시고
3. 파와 양파 당근등 기호에맞는 채소를 손질해서 준비해주세요
4. 센불에 고기를 볶다가 반정도 익을때쯤
5. 당근 양파등을 먼저 넣어 센불에 볶아주세요 ( 약한불에서하면 물이나올수있어요!)
6. 양파가 반투명해질때쯤 준비된 양념의 2/3을 넣어 볶아줍니다  양념이 들어간뒤로 탈수있으니 중불로 줄여주세요
7. 고기가 익고난뒤 간을 한번보시고 부족하면 나머지 양념장을 다 넣어주세요 (전다사용했어요!)
8. 불끄기3분전  나머지 고추와 파등을넣어 센불로 볶아주시면 끝!
9. 예쁘게 담아서 맛있게드세요 :)"
한식,파전,"다듬은쪽파, 튀김가루 3/4컵, 물 1컵, 계란 1개, 식용유","1. 저는 텃밭에 쪽파를 뽑아다가 다듬어 사용했지만 시장이나 마트에 가면 다듬어 파는 쪽파를 사용하세요. 바쁜 직장인, 학생들은 그게 편하죠
2. 저는 튀김가루로 통일해서 사용합니다. 부침가루 아닌 튀김가루 한봉지 사다두고 전이나 튀김을 합니다. 튀김가루 3/4컵, 차가운 물 1컵 을 넣고 고루 잘 풀어 반죽을 만들어 줍니다
3. 계란 1개를 미리 대충 풀어 놓습니다. 완전히 알끈이 없게 풀어 줄 필요는 없습니다. 대충~ 재료준비는 끝입니다.
4. 달군 팬에 기름을 두르고 준비한 쪽파를 한층 깔아 줍니다. 후라이팬이 작으면 쪽파를 반으로 잘라 겹치지않게 결대로 가지런하게 놓아주세요.
5. 그리고 준비한 반죽을 얇게 고루 뿌려 줍니다.
6. 쪽파가 서로 붙을 수 있을 정도로 반죽을 올리고....
7. 들뜨는 파가 없도록 뒤집개로 파를 한번 눌러줍니다.
8. 그리고 준비한 계란을 골고루 붓고 익혀 줍니다.
9. 계란이 어느정도 익으면 뒤집어 다른면도 익혀 주시면 된답니다."
한식,감자탕,"감자탕용 돼지등뼈 1.5kg, 감자 작은거 6개, 데친 얼갈이 배추 200g, 깻잎 10장, 월개수 잎 2~3장, 소주 2잔, 양파 1개, 파 1대, 사과 1/2개, 마늘 1움큼, 생강 조금, 청양고추 1개, 고춧가루 3큰술 , 멸치액젓 3큰술 , 국간장 5큰술 , 들깨가루 5큰술 , 다진 마늘 2큰술 , 미림 2큰술 , 고추장 1큰술 , 된장 1큰술 ","1. 돼지 등뼈는 핏물을 잘 빼줘야 냄새가 안나요 생고기는 1시간 이상, 냉동은 3~4시간 이상 꼭 핏물을 제거해주세요 저는 30분에 한번씩 물을 갈아줬어요!
2. 핏물을 빼는 동안 양념장을 만들어서 숙성시킬꺼에요~
3. 핏물을 뺀 고기는 흐르는 물에 한번 헹궈서 끓여줍니다 10분정도 데친다고 생각하시면 돼요~ 이때 뚜껑을 열고 데쳐주세요 소주와 함께 고기 냄새가 날아갈꺼에요
4. 잡내제거 주머니를 만들어주세요 사과를 넣으면 국물이 달달하니 맛있어지니 집에 있다면 꼭 넣어보세요
5. 데친 고기는 흐르는 물에 빨갛게 붙은 불순물을 제거해주세요
6. 이제 냄비에 잡내제거 주머니와 함께 넣고 끓여줄꺼에요  물의 양은 고기가 잠길 정도면 충분해요 뚜껑을 열고 센불에서 우르르 끓여줍니다  끓여오르면 뚜껑을 닫고 중약불에서 2시간정도를 끓여줘야 해요
7. 2시간정도가 지나면 국물이 뽀얗게 예쁘게 올라왔어요
8. 잡내제거주머니를 제거하고 준비한 양념장을 풀어줍니다~
9. 30분정도 뚜껑을 닫고 끓이다가 감자를 넣고 익혀줄께요 양념장을 푼후 총 1시간 정도 더 끓여줄꺼에요
10. 저는 얼갈이배추된장국을 끓여먹고 남은 얼갈이를 얼려놓은게 있었어요~ 우거지도 좋고 알배추도 좋아요  집에 있는거 넣어주시면 됩니당~!
11. 이제 완성이에요! 감자탕은 정말 시간이 요리해주는게 맞죠~ 오래걸린 만큼 맛있고 사먹는 거보다 훨씬 싸고 푸짐하게 온가족이 배불리 먹을 수 있답니다 ^^"
한식,오징어볶음,"오징어 2마리 (큰사이즈), 양배추 1/4통, 당근 1/2개, 양파 1개, 풋고추 2개, 파 2뿌리, 식용유 3큰술, 설탕 1큰술, 마늘 1큰술, 고추장 1큰술, 간장 5큰술, 고춧가루 3큰술, 물 1/2컵, 참기름 1큰술, 통깨 적당량","1. 양배추, 당근, 양파, 파(준비량의 반)는 길쭉하고 굵게, 고추도 어슷큼직하게 썹니다. 오징어도 깨끗하게 손질해서 먹기좋은 크기로 썹니다. ​
2. 팬에 식용유 3큰술과 송송썬 파를 넣은 후 불을 올려 볶아요. 파기름이 충분히 나오게, 노르스름해질때까지 볶습니다.
3. 파가 노르스름하게 볶아지면 오징어를 넣고 볶다가 설탕 1큰술을 넣어 볶습니다.
4. 마늘 1큰술 고추장 1큰술을 넣어고 볶습니다. 볶는 시간은 최소로 하세요, 마늘넣고 팬들어가며 섞어주는식으로 볶고, 고추장 넣고도 마찬가지로요.
5. 간장 5큰술, 고춧가루 3큰술을 넣고 볶습니다. 너무 뻑뻑한 느낌이 들면 물 반컵을 넣고 볶습니다.
6. 이제 준비한 채소를 볶던 팬에 전부 넣습니다.
7. 잘 섞어가며 채소의 숨이 죽지않게 단시간으로 볶다가 불에서 내리기 직전 참기름을 촤악~ 둘러주고 끝!!
8. 그릇이나 달군 팬에 먹음직스럽게 담고 통깨를 솔솔 뿌려 상에 냅니다. 완성!입니다. 맛있게 드세요~"
한식,닭갈비,"닭안심 500g, 양파 1개, 당근 약간, 양배추 1.5줌 , 감자 1개, 깻잎 10장, 식용유 2T, 간장 5T, 고추장 3T, 고추가루 3T, 맛술 3T, 설탕 2T, 들기름 2T, 카레가루 0.5T, 다진마늘 1T, 후추 5번 , 맛소금 1티스푼","1. 닭고기를 준비 해 줍니다.
2. 양파,당근,감자,깻잎,양배추를 적당한 크기로 잘라줍니다. 이때 감자는 얇게 썰어 주세요.
3. 고추장,간장,고추가루,맛술,설탕,다진마늘,후추,카레가루,들기름을 넣어 양념장을 만들어줍니다.
4. 닭고기에 양념장을 부어 조물조물 무친뒤 30분이상 재워둡니다.
5. 식용유 두른 팬에 양념닭고기와 감자,양파,양배추,당근을 넣어 모든재료가 다 익을 때까지 중불로 익혀줍니다.
6. 마지막으로 깻잎을 넣어주어 완성. 이때 간을 보아 부족한 간은 맛소금으로 해줍니다. 저는 맛소금1티스푼 넣었습니다."
한식,콩나물국,"콩나물 4줌, 다진파 5T, 멸치다시마육수 500ml, 다진마늘 1/2T, 국간장 1T, 멸치액젓 1T, 소금 1/3T","1. 콩나물은 누런부분과 껍질부분 제거하고 두세번 세척후 소쿠리에 받쳐줍니다. 미리 멸치다시마육수 500ml도 준비해주세요~
2. 냄비에 씻은 콩나물을 넣고 멸치다시마육수 500ml를 넣은후 물 700ml를 넣고요~
3. 센불로 켠후 끓으면 중약불로 줄여 5분동안 끓여줍니다.
4. 5분경과후~ 다진마늘1/2T. 다진파5T. 국간장1T. 멸치액젓1T를 넣은후~ 한번 바글 끓인후 간을 보셔서 싱거우면 소금간을 추가하세요~ 저는 소금1/3T정도 넣었습니다."
한식,부대찌개,"김치 1/4밥공기 (1줌), 비엔나 20개, 스팸 1개, 두부 1/3모, 떡 1줌, 대파 4개 (10센티), 홍고추 2개, 청양고추 큰거 2개, 사골곰탕 1봉지, 된장 1/2큰술, 고추가루 4큰술, 마늘 2큰술, 국간장2큰술, 설탕 1/2큰술, 물 1/2소주컵","1. 고추는 어슷썰고 두부는 한입크기로 썰어주세요.
2. 스팸은 반드시 얇게 잘라주세요. 두꺼우면 국물 맛이 제대로 안 배고 맛이 따로 놀아요. ​비엔나는 사선으로 잘라주세요.
3. 떡은 너무 많이 넣으면 국물이 텁텁해지므로 반드시 1줌만 넣어주세요.
4. 김치도 많이 넣으면 김치맛이 많이 나요. 적당한 밸런스가 중요한데요. 밥공기 1/4 넣어주세요.
5. 된장반큰술,고추가루 4큰술(듬뿍), 마늘2큰술, 국간장2큰술, 설탕반큰술, 물 소주컵 반컵을 섞어주세요.
6. 두부, 햄, 떡을 테두리에 두르고 김치는 가운데 넣어주세요.
7. ​양념장 올려주세요​.
8. 사골곰탕 육수를 1봉지 붓고
9. 물 보충을 해주세요.
10. 대파와 청양고추 홍고추 모두 올려주세요.
11. 이제 팔팔 끓입니다.
12. 청양고추와 대파가 어우러져 매콤한 향이 올라와요. 냄새부터 다르답니다.
13. 부대찌개 만드는법 이대루 하면 반드시 성공!
14. 라면은 먹다가 나중에 추가해서 먹어도 되구요~ 저는 팔팔 끓인 후 바로 넣어줬어요.
15. 라면을 끓이려면 국물이 여유가 있어야 해요​.​ 라면 넣기 전 육수가 너무 졸았다면 물 보충을 해주고 끓이세요.
16. ​짜잔 요 정도 국물이어야 맛있답니다.
17. 칼칼하면서 진한 맛이랍니다. 부대찌개 완성!"
한식,갈비탕,"갈비탕용 소고기 1kg, 무 1토막, 대파 흰부분 5대, 양파 1/2개, 당면 1줌, 물 12종이컵, 맛술 3T, 꽃소금 3티스푼, 간장 2T, 다진마늘 1T, 자른대파 1/2뿌리, 후추 약간","1. 고기는 물에 담가 소주를 휘~ 둘러 3시간이상 담가 핏기를 빼줍니다. 물은 2-3차례 갈아주세요.
2. 당면은 물에 불려둡니다.
3. 핏기뺀 고기에 물을 넣고 10분정도 끓여 불순물을 빼내어 줍니다.
4. 고기는 물로 깨끗이 씻어 준비합니다.
5. 육수내기용 양파,대파,무를 준비해줍니다. 저는 다시팩에 대파와 양파를 넣었습니다.
6. 고기에 물 9종이컵을 넣고 육수내기용 통대파,통양파, 통무,맛술을 넣어 센불에서 5분정도 끓여줍니다.
7. 중불로 바꾸어 30분정도 끓여줍니다.
8. 물 3종이컵을 더 넣고 중약불로 바꾸어 1시간30분정도 끓여줍니다.
9. 육수내기용 무,파,양파를 거둬내 버리고 면보등을 이용하여 맑은 국물만 남도록합니다.
10. 당면,대파,간장,다진마늘,소금을 넣어 당면이 익을때 까지 끓여줍니다. 불은 당면이라 금새 익습니다.
11. 그릇에 담아내고 취향에 따라 후추와 파를 추가하여 완성."
한식,해물파전,"밀가루 1공기 (또는 부침가루), 물 1공기, 간장 1숟갈, 쪽파 (500원 동전크기 또는 부추), 오징어 1마리, 식용유 넉넉히","1. 쪽파 또는 부추양은 엄지와 검지로 500원짜리 동전크기! 흐르는 물에 뿌리부분 껍질 하나씩 벗기며 씻어주고 뿌리 끝부분 잘라주세요. 물기를 채반에 걸쳐 빼주세요.
2. 물과 밀가루 또는 부침가루 비율은 1:1 입니다^^  쪽파500원짜리 : 물1공기 : 밀가루1공기
3. 여기에 더도말고 간장 1숟갈, 이것이 황금비율이라고 하죠 ~
4. 부추를 원하는 크기로 잘라주면 되요.  정해진 크긴 없고 긴거 좋으면 길게~  너무 긴건 싫고 파전하면 살짝 긴게 좋아서 6~7cm 정도 길이로 싹뚝 해주었답니다^^
5. 오징어도 1마리도 깨끗이 손질해준 뒤 원하는 크기로 잘라주세요.  총총총 올려진 오징어를 상상하며^^ 전 작게 해주었구요~
6. 완성된 반죽에 부추+오징어 섞어 주세요.(순서 3번에 4,5번을 혼합) 팬에 식용유를 두르고 달궈지면 혼합된 반죽을 올려 강불에 나두고 바삭하게 부치면 완성입니다."
한식,수육,"수육용 삼겹살 1근, 굴소스 약간, 후추 조금, 파 1대, 마늘 9알, 된장 2큰술, 생강 작은 것 1개, 월계수잎 4-5잎 ","1. 수육용 고기는 삼겹살이 비계도 고루 있어서 부드럽고 씹힘이 좋아 많이 사용되요! 그래서 저도 항상 수육용고기는 삼겹살로 하고 있답니다 ㅎ
2. 우선 삼겹살 앞뒤로 후추를 고루고루 잘 뿌려주세요
3. 그리고 삼겹살 겉면 전체에 굴소스를 발라줍니다
4. 아무것도 두르지 않은 팬을 미리 달궈서 달아 오르면, 삼겹살을 넣고 겉면을 노릇하게 익혀주세요 미리 팬에 익혀야 육즙이 빠지지 않아 맛있어요!
5. 냄비에 고기가 푹잠길정도로 물을 넣고 월계수잎과 고기
6. 된장 2큰술, 파 1대, 마늘 9알, 생강을 넣어 30~40분, 센불 20~30분 중불로 익힌 후 불을 끄고 5분 뜸을 들여 주세요 (저는 파뿌리도 넣었어요)
7. 어느덧 수육이 맛있게 익었네요 ㅎ 고기가 충분히 잠길정도로 있었던 물이 반으로 줄었어요 ㅎㅎ
8. 인스턴트커피를 넣지 않았는데도 색이 참 예뻐요♡
9. 맛있게 잘 익은 고기는 먹기좋게 썰어 접시에 담아 내면 되구요, 썰었는데 혹시 속이 덜 익었다면 다시 익혀 줘야겠죠? 하지만 가능하면 한번에 다 익히는게 좋아요. 그래야 육즙이 빠지지 않아 맛있어진답니다!
10. 마지막으로 겉절이 올리고 깨소금 팍팍 뿌려줬어요 ㅎㅎ 너무나 맛있게 잘 익은 수육이네요 ㅎㅎ 수육만드는법 별거 없죠???ㅎㅎ"
한식,동태찌개,"동태 1마리 , 무 1.5줌 , 두부 1/2모, 대파 1/4대, 청양고추 1개, 다시마 육수 4컵, 고추장 1큰술, 고춧가루 1.5큰술 , 국간장 1큰술, 청주 1큰술, 다진마늘 1큰술, 다진생강 1작은술, 후춧가루 1/4작은술","1. [재료 손질] 1. 무 나박 썰기 2. 대파, 청양고추 어슷썰기 3. 두부 납작하게 썰기 (기호에 맞게)
2. 동태는 흐르는 물에 씻어 물기를 빼주세요.
3. 팬에 다시마 육수를 붓고,  분량의 재료대로 양념을 만들어 무와 양념의 반을 넣고 끓여주세요.
4. 무가 거진 익으면  동태, 두부, 남은 양념을 넣고 끓여주세요.
5. 마지막에 대파와 청양고추를 넣고 한소끔 더 끓여주세요. 간도 한번 보시고요."
일식,스시,"공기밥 400g, 식초 4T, 설탕 2T, 소금 0.9T","1. 밥그릇 정도 되는 크기에 식초 4T 넣어주세요.
2. 설탕 2T 넣습니다.
3. 소금 0.9T 넣어주세요.
4. 설탕과 소금이 잘 녹도록 저어주세요.
5. 공기밥 2인분(400g) 위에 부어서 잘 섞어주면 초밥용 밥이 완성 됩니다."
일식,라멘,"라면 1인분, 파 약간, 청양고추 1개, 라면수프 1/2개, 굴소스 2T, 버터 약간, 마요네즈 취향껏","1. 라면을 3분정도 끓여줍니다
2. 물은 약간만 남기고 버리고 라면수프 반개를 넣어 잘 섞어줍니다
3. 굴소스를 넣어서 섞어주고
4. 국물이 자작자작해지면 버터를 넣습니다
5. 파를 넣고 잘 볶아준 후 불을 끕니다
6. 마요네즈와 청양고추를 위에 얹으면 완성 +_+"
일식,우동,"물 500ml, 우동면 1개, 쯔유 1큰술, 간장 1큰술, 치킨스톡 1/3큰술 (또는 다시다), 후추 약간, 조미김 1팩, 고춧가루 1작은술","1. 물 500ml를 팔팔 끓인다. 물이 끓으면 쯔유 1큰술을 넣는다. 간장 1큰술을 넣고 치킨스톡 또는 다시다 1/3 큰술 넣는다. 간을 보고 싱겁다면 기호에 따라 소금 약간 넣는다.
2. 우동면 사리 1개를 넣어 끓인다.
3. 젓가락으로 면을 풀어주고 끓인다. 3~4분 끓여주면 국물이 면과 어우러진다.
4. 불을 끄고 마지막으로 고명을 올린다. 조미김 1팩(4g)을 잘게 잘라서 올린다. 고춧가루 1작은술 뿌려준다. 깨 약간 뿌려 마무리한다."
일식,규동,"우삼겹 250g, 양파 1/4개, 설탕 1큰술, 맛술 1큰술, 올리고당 1큰술, 간장 2큰술, 다진마늘 1큰술","1. 양파 1/4개는 송송 썰어줍니다
2. 양념장을 만들어주세요. 설탕 1큰술, 맛술 1큰술, 올리고당 1큰술,  간장 2큰술, 다진마늘 1큰술
3. 팬에 우삼겹 250g을 넣고 먼저 볶아주세요.
4. 고기가 다 익으면 양파를 넣고  후추 살짝 뿌려 1분간 볶아줍니다.
5. 양파가 반투명하게 익으면  키친타올로 우삼겹의 기름을 닦아주세요.
6. 양념장을 넣고 2분간 볶아주세요.
7. 뜨거운 밥 위에 올려서 드시면 됩니다."
일식,가츠동,"돈가스 1장, 밥 1공기, 양파 1/2개, 계란 1개, 다시마 1장, 간장 3T, 맛술 2T, 설탕 1T, 물 200ml (종이컵 약1.3컵)","1. 재료를 준비합니다.
2. 양파와 마지막에 올릴 파를 썰어줍니다.
3. 계란은 살짝 덜 섞인 느낌으로 섞어줍니다.
4. 물에 다시마를 넣고 끓여줍니다.(찬물부터)
5. 물이 끓으면 다시마를 제거하고 간장,맛술,설탕을 넣어줍니다.(상세계량 더보기 클릭)
6. 양파를 넣어줍니다.
7. 양파가 살짝 익으면 돈까스도 넣어줍니다. (냉동돈까스 사용시 돈가스를 먼저튀겨주기)
8. 계란물도 둘러줍니다.
9. 계란이 70%정도 익으면 불을 끕니다.
10. 밥위에 살포시 예쁘게 얹어주고 마무리로 파를 뿌려주면 완성!"
일식,오코노미야키,"밀가루 250ml (부침/튀김가루), 계란 1개, 물 180ml (2/3컵), 양배추 2컵, 맛술 1큰술, 베이컨 3장, 오징어 1/2마리, 가쓰오부시 1컵, 마요네즈 약간, 쪽파 약간, 오꼬노미소스(돈가스소스) 적당량","1. 양배추가 듬뿍 들어가 식감도 좋고 몸에도 좋겠죠~ 얇게 채 썰어 준비합니다 집에 오징어가 없어서 새우와 베이컨으로 대신했어요
2. 가쓰오부시를 듬뿍 올려주니  다코야끼랑 맛이 거의 비슷하다고 하네요
3. 밀가루에 물은 180ml 정도 넣고 달걀도  넣습니다
4. 야채와 해산물을 넣어 반죽하기
5. 약간 걸죽한 정도로 반죽이 되면 좋아요
6. 달구어진 팬에 기름을 넉넉히 두르고 앞뒤 노릇하게 구워주기
7. 기름에 튀기고 굽는 건 뭐든 맛있다??ㅋ 냄새 맡고 달려드는 아이들~
8. 잘 익은 오코노미야키 위에 소스를 바르고 가쓰오부시를 올려줍니다
9. 쪽파가 있으면 잘게 설어서 솔솔 뿌려주세요 음식은 눈으로도 먹는 거니까^^~
10. 마지막에 마요네즈로 먹음직스럽게 뿌려주면 됩니다 가쓰오부시 때문인지 다코야끼 향이 확 느껴져요  우리 아이들 다코야끼 참 좋아하거든요 그래서 오코노미야키도 너무 맛있게 잘 먹어요"
일식,타코야키,"자숙문어 1컵, 대파 1/2뿌리, 가쓰오부시 1줌, 파래김 1스푼, 마요네즈, 돈가스소스","1. 부침가루(2컵)에 달걀(1개), 물(1.5컵)을 붓고 거품기로 섞어 반죽물을 만들고, 시판 판매되고 있는 타코야키 분말을 이용하셔도 좋아요.
2. 자숙문어(1컵)을 준비하고 대파(1/2뿌리)는 잘게 다지고,
3. 달궈진 타코야키 틀에 붓으로 기름칠해 코팅시키고.. 반죽물을 반정도 부어준 뒤 자숙문어, 잘게 썬 대파를 올려주세요
4. 그 위로 반죽물을 듬뿍 부어주세요
5. 가장자리가 익어갈때쯤.. 젓가락이나 뾰족한 이쑤시개로 가장자리 반죽을 모아 뒤집어 구워주고, 약한불에서 구워야 타지 않아요.
6. 접시에 담아 마요네즈, 돈가스 소스를 지그재그로 뿌려준 뒤, 파래김, 덴가스, 가쓰오부시를 소복히 올려 마무리."
일식,야키소바,"양배추 3장, 베이컨 2장, 양파 1/4개, 마늘 2쪽, 라면사리 1봉, 계란 1개, 설탕 0.7TS, 간장 2TS, 우스터소스 2TS, 다진 마늘 0.3TS, 후춧가루 약간","1. 양배추 베이컨은 굵게 썰고 양파는 채 썰고 마늘은 얇게 편 썰어 준다
2. 끓는 물에 라면을 넣고 50% 정도 익혀 건진다
3. 기름을 두른 팬에 식용유 2TS를 두르고 마늘과 양파를 볶아 향을낸다
4. 베이컨과 양배추를 넣고 양배추의 숨이 죽을 때까지 중간 불에서 볶는다
5. 삶은 라면과 소스를 넣고 약불에서 고루 섞어가며 볶는다
6. 접시에 볶아진 국수를 담고 계란후라이를 올려 마무리 한다"
일식,돈카츠,"돈까스용 등심 300g, 빵가루 2컵, 계란 1개, 미작 1큰술, 천일염 약간, 후추 약간, 밀가루 1컵, 모짜렐라 치즈 1/2컵, 가쓰오장국 3큰술, 요리의 한수 1작은술, 물 2컵, 다진 실파 1큰술, 양파 1/2개","1. 등심을 두툼하게 포를 뜬후 사선으로 칼집을 넣어 소금, 후추, 미작으로 밑간을 한다. 등심에 밀가루, 계란물, 빵가루를 순서대로 옷을 입힌다.
2. 두터운 팬에 카놀라유를 넉넉히 두르고 노릇하게 돈까스를 튀겨 한입크기로 자른다.
3. 냄비에 가쓰오 장국, 물, 양파, 다진실파, 요리에 한수를 넣고 끓어 오르면 돈까스, 피자치즈를 넣고 살짝 녹여 완성한다."
일식,가라아게,"닭다리살 200g, 녹말가루 3큰술, 식용유 넉넉하게, 달걀 푼것 1/2개, 간장 1/2큰술, 청주 3큰술, 소금과 후추 약간, 소금과 후추 약간, 다진마늘 1/4작은술, 다진생강 1/4작은술","1. 닭다리살 200g은 껍질을 바닥으로 두고 한입크기로 썰어주세요.
2. 청주 3큰술을 넣고 닭고기를 버무린 뒤에, 후추와 소금 약간, 다진마늘 1/4작은술, 다진생강 1/4작은술을 넣고 잘 섞어준뒤, 20~30분 정도 재워주세요.
3. 달걀을 풀어준 뒤 1/2만 부어서 섞어주세요.
4. 간장 1/2큰술을 넣고 잘 섞어주세요.
5. 녹말가루 3큰술을 넣고 골고루 잘 섞어준 뒤, 하나하나 닭껍질을 살에 잘 감싸서 튀길준비를 합니다.
6. 깊은 팬에 식용유 온도가 170도 정도 또는 반죽물을 한방을 떨어 뜨렸을 때, 바로 떠오르면서 기포가 생기면, 큰 것부터 넣어 튀겨줍니다.
7. 2~3분 정도 지나서 튀김이 살짝 단단해지면 꺼내서 5분간 둡니다.
8. 이번엔 처음보다 기름온도를(180도) 살짝만 더 올려준 뒤에, 노릇노릇하게 다시 튀겨줍니다.
9. 튀겨낸 가라아게는 건져내 기름을 잠시 빼줍니다.
10. 접시에 담으면 완성!"
일식,스키야키,"불고기용 소고기 500g, 대파, 두부 1/2모, 양파 1개, 표고버섯 2개, 달걀 2개, 느타리버섯, 쑥갓, 실곤약, 청양고추, 물 3컵, 다시마 2장, 가쓰오부시 1줌, 표고버섯기둥 (선택), 맛술 1/2컵, 진간장 1/2컵, 육수 2컵, 설탕 3큰술 ","1. 육수 만들기  물 4컵, 다시마 2장, 가쓰오부시 1줌, 표고버섯 기둥 (선택)
2. · 물 3컵과 다시마 2장 넣고 끓여줍니다
3. 끓으면 다시마를 빼고 불을 꺼 줍니다  - 저는 표고버섯 다듬다가 남은 줄기가 있어서  표고버섯 줄기도 같이 넣어 줬습니다 :)
4. · 불을 끈 상태에서 가쓰오부시 1줌(대략 10g)을 넣고 10분 동안 우려준 뒤
5. 체에 밭쳐 건더기를 걸러내줍니다
6. · 소고기는 키친타월로 꾹꾹 눌러서 핏기를 제거하고
7. · 대파는 줄기 부분을 길게 자르고 (선택) 두부는 굵게 잘라줍니다
8. · 대파는 기름기 없는 팬에서 구워주고
9. · 두부는 기름 살짝 두른 팬에서 앞뒤 좌우 골고루 노릇노릇하게 구워줍니다
10. 대파랑 두부 준비 완료!!
11. · 실 곤약은 찬물에 씻어준 뒤 물기를 빼주고   - 실 곤약은 선택 재료인데 웬만하면 넣는 걸 추천합니다!! 모양도 예쁘고 국물이 졸아들어서 먹으면 왕 맛있어요 > < (유통기한도 기니깐 장 볼 때 하나 사 놓으세여 헤헿)
12. · 갖은 채소들은 깨끗이 씻은 뒤 양파는 채 썰고  표고버섯은 십자(十)로 칼집을 내서 준비해 줍니다
13. 간장 소스 만들기 ※간장 소스 【 맛술 반 컵, 진간장 반 컵, 육수 2컵, 설탕 3 큰 술 】  -밥숟가락 계량
14. · 맛술 반 컵 넣고 끓이다가 끓어오르면
15. 앞에 만들어 놓은 가쓰오부시 육수 2컵, 진간장 반 컵, 설탕 3 큰 술 넣고  설탕이 녹을 때까지 끓여주면 됩니다
16. 모든 준비가 되었으면 본격적으로  스키야키 만들어 볼까용 :)ㅎㅎ  스키야키는 재료 준비만 되면 간단하답니다  재료 준비가 귀찮아서 그렇지... 헿
17. · 원래는 소기름으로 하는 거지만  저희 집에는 소기름이 없으므로 키친타월에 식용유를 먹인 후  전골냄비에 슥슥 닦아 코팅해 줍니다 :)
18. · 소고기에 간장 소스 반 컵 정도 넣어서 볶다가
19. 어느 정도 익으면 약한 불!!!  익은 소고기는 가장자리로 모아놓고
20. 준비해 둔 재료를 전골냄비에 예쁘게 담아줍니다 :)
21. · 가쓰오부시 육수 1컵 넣고 간장소스를 조금씩 넣어가면서 30분 넘게 졸여줍니다 :)
22. 끓으면 바로 먹어도 상관은 없지만 졸여서 먹는 게 훠얼씬!!!!!  맛있으니깐 시간 여유가 되시는 분들은 준비해 놓은 간장소스를 조금씩 넣어가며 계속 끓여주세요 ㅎㅎ
23. 스키야키의 찍 먹 소스는 다른 거 필요 없이  달걀 탁 깨서 휙휙 저어 찍어 먹으면 됩니다 :)
24. 짭조름하게 졸여진 건더기들은 고소한 달걀에 찍어 먹으면 크으 ♥ 거기에 소주 한 잔 캬아아아아 ♥
25. 보기도 좋고 먹기도 좋은 일본식 전골 요리 스키야키"
일식,샤브샤브,"샤브샤브용소고기, 미나리, 느타리버섯, 양파, 물 2L , 무 1/4개, 양파 1/2개, 대파 1대, 홍고추, 청양고추, 자른 다시마 5-6개, 멸치 1/2줌, 고춧가루 3T, 고추장 1T, 간장 2T, 다진마늘 2T, 소금 1/2t, 후춧가루 1/2t, 다진 청양고추 2T","1. 먼저 육수를 끓여야죠. 물 2리터, 무 1/4개, 양파 1/2개, 대파 1대, 홍고추, 청양고추, 자른다시마 5-6개, 멸치 반줌 넣고 팔팔 끓여 육수를 만들어 주세요. 다 끓은 육수는 체에 받쳐 건더기는 버려주세요.
2. 양념을 만들어 주세요. 고춧가루 3T, 고추장1T, 간장 2T, 다진마늘 2T, 소금 1/2t, 후춧가루 1/2t, 다진 청양고추 2T 넣고 잘 섞어주세요. 양념은 미리 만들어 숙성시켜 주시면 더 좋아요.(청양고추는 기호에 따라 가감하세요. 저희는 얼큰한 걸 좋아해요)
3. 채소를 손질 해 주세요. 미나리를 먹기 좋게 썰어주고 느타리버섯은 손으로 먹기 좋게 찢어주고 양파는 채 썰어 주세요.
4. 육수에 양념장을 두어스푼 넣고 버섯, 미나리, 양파를 넣고 먼저 끓여주세요.
5. 이제 준비 해 둔 소고기를 넣고 샤브샤브를 드시면 되겠죠?^^
6. 퐁당퐁당 담궈 먹는 소고기~~ 음~~~~^^ 얼큰한 국물에 담궈진 소고기, 미나리, 버섯, 양파와 함께 와사비 간장에 콕 찍어 먹어요. 미쳤다. 이날 샤브샤브용 소고기를 2kg 사왔는데.. 둘이 다 먹었다..ㅡㅡ 이거 실화냐??????
7. 이제 마지막 볶음밥 코스~ 다 먹은 국물은 따로 덜어두고 냄비에는 1-2스푼 정도만 남겨 둔다.
8. 밥 한공기에 계란 두개, 다진 당근 1T, 다진 부추 1T, 소금 한꼬집 넣고 볶아준다.
9. 이제 쫙~~~ 냄비에 펴 주고, 살짝 누른 볶음밥이 될때까지 기다려 준다. 냄비가 타지 않게 주의한다^^ 그리고 남겨둔 국물에 살짝 적셔 먹어준다. 아.... 배부르다.... 자야겠다."
일식,오야코동,"닭고기 350g, 양파 1/2개, 계란 3알, 파 조금, 밥 2공기, 미림 1T, 소금 0.5T, 후추 톡톡, 간장 2.5T, 미림 1T, 설탕 2t, 물 2/3컵","1. 닭다리살이나 가슴살, 안심등 아무부위나 상관없어요 껍질과 기름을 제거한후 먹기좋은 크기로 잘라 찬물로 깨끗하게 씻어서 준비해주세요
2. 닭고기 밑간을해주세요
3. 양파는 채썰어 준비해주세요
4. 파도 송송 썰어 주세요
5. 파와 계란을 함께 넣고 섞어주세요
6. 기름 살짝 두른팬에 밑간해둔 닭고기를 볶아주세요
7. 닭고기 겉이 노릇해지고 반쯤익었을때 양파도 함께 넣고 볶아주세요
8. 분량대로 만들어둔 양념장도 모두 부어서 한번 부르르 끓여주세요
9. 끓고나면 약한불로 닭고기를 익혀주세요
10. 제일 약한불로 줄인후 위로 대~충 풀어준 계란을 부어주세요 그런다음, 뚜껑을 덮어 계란을 살짝만 익혀주세요
11. 덮밥은 모두 익힌 계란보다는 요렇게 몽글몽글한 정도가 딱 좋더라구요^^
12. 그릇에 밥을 먼저 담고~
13. 그위로 완성된 닭고기를 올려주시면 됩니다"
일식,니쿠자가,"불고기용소고기 500g, 감자 3개, 당근 1/2개, 청양고추 2개, 소금 1/2티스푼 , 후춧가루 약간, 다시마육수 400ml, 간장 6스푼, 맛술 5스푼, 액젓 1스푼, 설탕 1스푼, 다진마늘 1스푼, 다진생강 1/2스푼","1. 먼저 양념장을 만들어 준비해 주세요  간장6스푼 맛술5스푼 멸치액젓1스푼 설탕1스푼 다진마늘1스푼 다진생강 반스푼을 모두 섞어 준비 해 주세요
2. 기름을 두르고 달궈진 팬에 감자를 볶아 주세요
3. 1~2분정도 볶다가 당근을 넣고 같이 볶아 주세요
4. 당근을 넣고 1~2분정도 볶아준 뒤  양파도 넣어 1분정도 볶아 주세요
5. 양파가 고루 섞여 볶아 지면 소금 커피스푼으로 반스푼과 후추를 톡톡톡 넣고 고루 섞어가며 볶아 주세요
6. 그 뒤 잘라놓은 청양고추 2개를 넣고 같이 볶아 주세요
7. 고추향이 올라오면 고기를 넣고 볶아 주세요
8. 고기가 잘 볶아져 갈색빛이 돌면
9. 준비해둔 양념장과
10. 다시마육수를 넣고 끓여 주세요
11. 육수와 양념장을 넣고 팔팔 끓어 오르면 중불로 줄여 양념육수가 자작하게 남을 때까지 졸여주면 완성입니다 ^^"
일식,야키토리,"모둠해물 200g, 우동면사리 2개, 양파 1/4개, 고춧가루 2T, 간장 2T, 설탕 2T, 굴소스 3T, 기름, 맛술, 후추, 대파","1. 해물 비린내를 잡기 위해 맛술과 소주에 해물을 담가둔다.
2. ​ ​ 양파 1/4개는 채 썬다.
3. ​ ​ 볼에 양념재료를 넣고 양념장을 만든다.
4. ​ ​ 끓는 물에 우동사리를 넣고 1분 정도 삶아 준 후 체에 밭쳐 물기를 뺀다.
5. ​ ​ 달군 팬에 기름을 둘러주고 양파를 넣고 볶아 익힌다.
6. ​ ​ 양파가 익으면 해물과 양념을 넣고 볶는다.
7. ​ ​ 해물이 익으면 우동면을 넣고 재빨리 볶는다.
8. ​ ​ 대파 한 움큼을 넣고 마무리 한다. ​"
일식,미소시루,"미역, 두부, 미소된장 2T, 청주 2T, 가쓰오부시, 다시마 육수 4컵","1. 다시마는 찬물에 넣어 끓으면 불을 끄고 가쓰오부시를 넣어 5~10분여 우려낸 후 체 위에 면보를 얹어 육수를 걸러줍니다.
2. 두부는 사방 1 cm 크기로 썰고 미역은 물에 담가 불려 주세요.
3. 두부를 끓는 물에 데칩니다. 미역도 소금넣은 물에 데친 후 찬물에 헹궈 적당한 크기로 썰어 준비합니다.
4. 냄비에 육수를 붓고, 끓으려고 할 때 미소된장을 풀어 줍니다.
5. 미소된장 푼 육수에 두부와 미역넣어 끓어오르면 바로 불을 끄면 됩니다."
일식,에비후라이,"계란 3개, 들기름 3T, 대파 1대, 국간장 1/2T, 통깨 솔솔","1. 먼저 대파를 잘게 썰어 줍니다.
2. 달궈진 팬에 들기름3스푼 둘러 주세요
3. 들기름에 대파를 달달 볶아 줍니다. 대파향이 어느 정도 나게 볶아 주세요
4. 대파위에 계란3개를 깨서 반숙으로 익혀 주셔요
5. 계란후라이 담을 접시에 국간장 1/2스푼 뿌려 주시구요. 이제 접시 위에 계란 후라이 담아주고 통깨 솔솔 뿌려주심 끝!
6. 고소함이 남다른 밥도둑 반찬 백주부님 '들기름계란후라이'완성입니다. 한입 먹어보니 고소한 들기름에 대파향이 쏴악 감돌면서 넘 맛있어요. 김가루 좀 넣고 슥슥 비벼도 고소함 가득하니 꿀맛입니다"
일식,카레우동,"우유 2컵, 카레가루 3T, 우동사리 1봉, 양파 1/4개 (옵션)","1. 냄비에 우유 2컵(500ml 짜리 하나 가능) 을 붓고
2. 카레가루 3T 섞어주세요. 쉐키쉐키
3. 집밥백선생 레시피에는 없는 양파. 너무 심심할꺼 같아서 양파를 채 썰어 넣어줬는데 괜찮네요.
4. 카레우유가 끓어오르면 면을 넣고 엉킴이 풀릴때까지 가만히 내둬요.  차가운 상태에서 풀려고 하면 면이 뚝뚝 끊긴답니다.  해동이 되면 면을 살살 풀어주세요.
5. 파슬리가루(생략 가능) 솔솔 뿌려주면 벌써 끝이에요.ㅎㅎ"
일식,모츠나베,"소대창 1kg, 양배추 1/2개, 부추 100g, 숙주나물 100g, 두부 1모, 레드페퍼 약간, 통깨 약간, 홍고추 1개, 물 2L, 진간장 2큰술, 쯔유 8큰술, 맛술 4큰술, 굴소스 2큰술, 올리고당 2큰술, 혼다시 2큰술, 생면 1~2덩이","1. 소대창 1kg을 먹기 좋은 크기로 잘라주세요.
2. 자른 대창을 끓는 물에 살짝 데친 다음, 얼음물에 바로 식혀주세요. 이 과정에서 기름이 분리됩니다.
3. 양배추 1/2개를 먹기 좋은 크기로 잘라주세요.
4. 부추 100g을 5~7cm 정도의 길이로 잘라주세요.
5. 홍고추는 장식용이니 최대한 얇게 썰어주세요. 물론 생략하셔도 됩니다.
6. 두부 1모를 일정한 두께로 잘라주세요.
7. 물 2리터에 진간장 2큰술, 쯔유 8큰술, 맛술 4큰술, 굴소스 2큰술, 올리고당 2큰술, 혼다시 2큰술을 넣고 섞어주세요. (혼다시는 가쓰오부시 10g으로 대체할 수 있어요. 이 경우, 육수를 한번 끓여서 가쓰오부시를 우려낸 다음 체로 걸러주셔야 합니다.)
8. 전골냄비 바닥에 양배추를 깐 다음, 그 위에 숙주나물을 얇게 펼쳐주세요.
9. 그 위에 사진처럼 두부, 대창을 올리고, 가운데에 부추를 가지런히 올려주세요.
10. 부추 위에 매운맛을 더해주기 위한 레드페퍼 가루를 뿌려주세요. (레드페퍼 가루가 없을 경우, 약간의 청양고추로 대체할 수 있습니다.)
11. 레드페퍼 가루 위에 통깨도 살살 뿌려주세요. (통깨는 생략 가능합니다.)
12. 장식용으로 썰어둔 홍고추를 가운데에 올려주세요.
13. 만들어 놓은 육수를 냄비의 벽면쪽으로 살살 부어주세요.
14. 중불에 20분 정도 끓이다가, 기름기를 살짝 걷어내주면 완성입니다! 맛있게 드세요~
15. 모츠나베를 거의 다 먹었을 때, 생면이나 라면사리를 넣어서 드셔보세요! 저는 개인적으로 생면 강추입니다!ㅎㅎ (소주나 청주와 특히 잘 어울리니 반주도 즐겨보세요~)"
중식,짜장면,"양파 1개, 양배추 1/5개, 돼지고기 200g, 오이 1/3개, 파 2줄기, 파스타면 2인분, 춘장 1/3컵, 설탕 1T, 물전분 3T","1. 후라이팬에 식용유 2컵을 붓고 춘장 1봉지를 넣고 기름에 춘장을 튀겨줍니다.
2. 짜장면 야채를 준비합니다.  오이는 돌려깎이해서 채썰고(고명용) 양배추와 양파는 큼직큼직 썰어주고 파는 잘게 잘게 썰어서 준비합니다.
3. 불을 켜지 않은 후라이팬에 식용유를 붓고 파를 넣고 볶아서 파기름을 내줍니다.
4. 파기름이 얼추 나면 잘게 썰어 놓은 돼지고기를 넣고 볶아줍니다.
5. 고기가 익으면 오이를 제외한 양배추와 양파를 넣고 볶아줍니다.
6. 튀긴 춘장을 1/3컵 정도 넣고  설탕 1T를 넣고 볶아줍니다.
7. 춘장이 야채와 고루 섞이게 볶아줍니다. 이때 먹으면 흔히보던 간짜장이 됩니다.
8. 물을 재료가 자박자박 할때까지 넣어줍니다.  끓여 주다가 물 : 전분 = 3 : 1로 타준 전분물로 짜장의 농도를 걸쭉하게 만들어 줍니다.
9. 중화면을 대체하기 위한 파스타 면을 소금 1T를 넣고 2인분 정도 13분 삶아 줍니다. 면이 익으면 그릇에 면을 셋팅하고 위에 짜장을 부어주고 오이 고명을 올려주면 완성!"
중식,짬뽕,"오징어, 돼지고기 1종이컵, 양배추 1종이컵, 당근 1종이컵, 호박 1종이컵, 양파 1종이컵, 청양 고추 1소주컵, 부추 1종이컵, 파, 생강, 후추, 고춧가루 1소주컵, 간장, 소금","1. 짬뽕에 들어갈 채소,오징어는 미리 손질해서 준비해 준다. 컵라면 용기로 양파,양배추,호박은 1컵정도 부추,돼지고기,당근은 종이컵 1컵 오징어는 2컵 그리고 청양고추는 소주컵으로 1컵정도 준비해 주심되요.
2. 오징어는 적당히 썰어주세요.
3. 팬에 기름을 넣고 파를 볶아서 파기름을 만들어주세요.
4. 파기름 만들때 다진생강도 함께 넣어주세요. 전 생강가루를 넣었어요.
5. 돼지고기를 넣어주세요.
6. 돼지고기를 볶다가 손질된 오징어를 넣어 함께 볶아주세요. 불맛은 프라이팬에 국물이 눌은 것이 포인트!! 센불에서 볶아주세요.
7. 불 맛이 형성되면 이제 간장을 넣어주세요.
8. 채썰어 준비해 두었던 야채를 넣어 주심 된답니다. 양배추,양파,당근,호박 모두 넣어주세요.
9. 칼칼한 맛을 위해 청양고추를 넣어주세요.
10. 이젠 잘 볶아주세요. 여기까지 준비가 80% 짬뽕이 완성된 상태랍니다.
11. 고춧가루 1컵을 넣어주세요.
12. 물기 없이 계속 볶다보면 탈수 있답니다.
13. 타지 않게 물어 넣어주세요. 물은 양에 맞춰 넣어 주심 된답니다.
14. 이제 보글 보글 끓여주면 되요. 여기서 시원한 맛을 위해 홍합을 넣어주면 더 좋아요. 전 홍합이 없어서 패스~~!! 갠적으로 홍합 넣은게 휠씬 좋은듯합니다.
15. 후추가루 톡톡 넣어주세요.
16. 그다음 소금으로 간을 해주심 된답니다.
17. 마무리로 부추 넣으면 완성!!
18. 삶은 면에 짬뽕 건더기를 골고루~ 듬뿍 올려주면 되요!!
19. 완성입니다."
중식,탕수육,"돼지고기안심 300g, 소금 약간, 후추 약간, 계란노른자 1개, 감자전분 100% 250g, 양파 1/2개, 포도씨유 250cc, 노란 파프리카 1/2개, 빨간 파프리카 1/2개, 초록 파프리카 1/2개, 물 250cc, 레몬가루 3T, 설탕 3T, 소금 약간, 포도씨유 1T, 감자전분 1/2T","1. 100%감자전분을 통에 담아 물을 넣고 저어요. 4시간 동안 가만히두고 가라앉혀 주세요.
2. 윗물은 따라 버리고 젖은 전분을 준비해요.
3. 돼지고기 안심을 손가락 굵기로 썰어주세요.(사실 때 부탁해서 썰어오면 좋아요.) 비닐봉지에 담아 소금, 후추 뿌려 30분 재워주세요.
4. 그동안 나머지 재료를 준비해요. 파프리카, 양파 다듬고 계란 노른자 준비하구요. 물, 레몬가루, 설탕, 소금을 타둡니다. 전분물은 2번에서 1/2T 가져와 물과 섞어주세요.
5. 자~밑간한 고기에 노른자 넣고 봉지를 오므려 조물조물! 젖은 전분 넣고 주물주물! 잘 주물러 주세요. ※여기서 포도씨유 1T를 넣으면 튀길때 고기를 떼어내기가 더 쉬워요.
6. 팬에 포도씨유를 넣고 튀겨주세요. ※가스렌지-중불/인덕션-튀김180도 아래가 노릇해지면 한번 뒤집어주세요. 망에 꺼내요.
7. 팬에 6번의 뜨거운 기름 2T 넣고 채소 넣어 잠깐 볶다가 준비해둔 소스물을 부어주세요. 끓으면 전분물 휘저으며 넣고 걸쭉해지면 고기 넣어 뒤섞어주세요. 바로 불을 꺼주세요.
8. 그릇에 담아 보세요. 상큼하고 깔끔해서 국물 한방울까지 정~~~말 맛있답니다.^^"
중식,마파두부,"두부 2모, 돼지고기다짐육 1팩, 다진파 넉넉하게, 다진양파, 다진마늘 2큰술, 고춧가루 5큰술, 간장 4큰술, 설탕 1큰술, 굴소스 1큰술, 소금 톡톡, 된장 1큰술, 전분물, 치킨스톡 (멸치육수) 약간, 물 2컵, 후추 조금","1. 재료를 준비 해 줍니다. 마이쏭은 두부가 많은 마파두부가 좋으므로, 두부 2팩 준비했어요~! 돼지고기 다짐육도 통크게~ 한팩! ㅋㅋㅋㅋ
2. 먼저, 돼지고기는 후추, 소금으로 밑간을 해 둡니다.
3. 그리고, 재료손질!!!! 두부는 깍뚝깍뚝 좀 잘게 썰어주고~ 파와 양파는 다져줍니다.
4. 다진마늘도 준비 해 주세용~
5. 모든준비 완료! 이제~ 만들어 볼까요? 먼저, 달군팬에 기름을 둘러줍니다. 기름과 참기름을 섞어 둘러주셔도 좋아요~!
6. 기름에, 다진마늘과 다진파를 넣어 볶아주며 파기름을 내줍니다
7. 그리고~ 파향이 진~하게 올라오면! 다진양파도 넣고, 함께 볶아주세용~!
8. 그 다음은 밑간 해 둔 돼지고기다짐육 투입!!!
9. 후추조금 넣고 맛술있음 맛술도 조금 넣고 볶아주세요~ 마이쏭은 맛술이 없..... 그냥 후추만 조금 넣고 볶아줬답니다
10. 고기의 겉면이 어느정도 익었다면!!! 여기에 양념을 해 줄 차례~! 빠알간 고춧가루 넣고~
11. 설탕넣고~ 소금넣고~ 간장넣어~
12. 타지않게 달달~ 볶아주세요!
13. 이렇게 마파두부의 양념장이 완성 되었어요~! 이제, 여기다 바로~! 마파두부를 만들꺼랍니다! 마이쏭은 물을 부어줬는데~ 멸치육수가 있다면, 멸치육수를 넣어주시면 되용~
14. 팔팔 끓어오르기 시작하면~
15. 된장 1큰술 넣어줍니다. 두반장이 필요없다는것은? 바로 요 된장때문! ㅎㅎㅎㅎㅎ 양념과 섞이니~ 두반장이 필요없게 마파두부의 맛을 낼 수 있다구욧^^
16. 드디어 오늘의 주인공 두부입짱~!! 2팩 과감하게! 몽땅 때려넣어 줍니다. 두부가 많아야 비주얼도 맛도 더 맛있든 듯 ㅎㅎㅎ
17. 요건~ 뭐, 넣지 않아도 충분히 맛있지만~ 육수없이 물로 넣었기에, 마이쏭은, 집에있는 치킨스톡 한큰술 넣어줬답니다 ㅎㅎ
18. 자아~! 이제 양념은 끝!! 요렇게 불을 줄이고 재료가 어우러지게~ 끓여주다가!!
19. 전분가루와 물을 넣고 섞어, 전분물을 만들어 줍니다. 급하게 막걸리잔을 꺼내들었다는.. ㅋㅋㅋ​
20. 끓고있는 마파두부에~ 전물물 스르륵~ 둘러~
21. 잘 저어가며 끓여줍니다.
22. 너무 되직하지 않게 조금씩 부어가며 농도를 맞춰주시면 되요!! 밥위에 마파두부 끼얹고! 반숙 계란후라이 얹고 파슬리가루 좀 뿌려주니~ 대박비주얼 탄생!!! ㅋㅋㅋㅋㅋ​"
중식,깐풍기,"닭다리살 500g, 마늘 5개, 풋고추 2개 (또는 청양고추), 파 2뿌리, 녹말가루 2큰술, 고추가루 1큰술, 맛술 1큰술, 소금 약간, 후추 약간, 간장 3큰술, 설탕 2큰술, 식초 2큰술","1. 한 입 크기로 손질한 닭고기에 소금, 후추, 맛술, 고춧가루를 넣어 밑간을 해 두세요.
2. 닭고기 밑간이 스며드는 동안 마늘은 편 썰고, 고추와 파를 썰어 놓습니다.
3. 밑간이 된 닭고기에 녹말가루 2큰 술을 넣어 골고루 버물버물~ 10분간 두세요. 이래야 기름이 튀지 않고 바삭하게 구워져요.
4. 달궈진 팬에 식용유를 넉넉히 두르고 닭고기를 튀기듯이 구워주세요.
5. 익은 닭은 접시에 옮겨 기름을 빼 주고
6. 팬을 다시 달궈 식용유를 살짝 두르고 편 썬 마늘을 타지 않게 구워주세요.
7. 마늘이 익으면 썰어 놓은 고추를 넣고 미리 섞어 놓은 양념 소스를 부어 끓이세요. 간을 봐서 입맛에 맞게 간장이나 설탕을 추가하면 됩니다.
8. 소스가 끓으면 튀긴 닭고기를 넣고 뒤적뒤적해서 국물이 없어질 때까지 조려준 다음 불을 끄고 다진 파를 넣어 섞은 뒤 깨소금을 뿌려주면 끄~읕!!
9. 접시에 덜어 맛나게 드시와요^^"
중식,유산슬,"다진고기, 양파 1/2개, 생강, 다양한버섯, 청경채, 오징어, 새우, 다진마늘, 파, 전분, 간장 1T, 굴소스 1T, 설탕 0.5T (또는 올리고당), 후춧가루","1. 버섯은 취향대로 냉장고에 있는대로 준비해주세요
2. 파,마늘,생강을 준비합니다
3. 준비한 파,마늘,생강을기름에 넣고 볶아주세요
4. 파가 살짝 노릇해질 때 준비한  오징어 새우 다진고기 버섯을 넣고 볶습니다
5. 재료가 살짝 익었을 때  굴소스 1T 간장1T 올리고당0.5T 후춧가루를 넣어주세요
6. 재료가 물에 담길 정도로 채워줍니다
7. 끓이다 전분물을 만들어 부어주세요(전분:물1:1)
8. 마지막으로 청경채을 넣어 조금 더 끓여줍니다
9. 짠!! 아주 쉽죠"
중식,팔보채,"표고버섯 3개, 양송이버섯 6개, 목이버섯 1컵, 청경채 4개, 배춧잎 10장, 샐러리 2줄기, 파프리카 2개, 연근 300g, 냉동해물 2사발, 다진마늘 2큰술, 대파 1뿌리, 다진생강 조금, 간장 1작은술, 굴소스 3큰술, 후추 1작은술, 청주 1큰술, 매실액 1큰술, 참기름 1바퀴, 전분물 적당량","1. 표고버섯은 저미듯이 칼을 비스듬히 눕혀서 썰어 줍니다.
2. 양송이버섯도 썰어 주시고요.
3. 말린 목이버섯은 일단 30분정도 물에 불려 주세요. 금방 불릴 수 있습니다.
4. 불린 목이버섯은 먹기 좋은 크기로 썰어 주시고요.
5. 청경채는 길쭉하게 4등분해서 썰어 줍니다. 굵직한 놈이라면 5등분 해주시고요.
6. 알배기배추 10쪽을 썰어서 준비합니다.
7. 샐러리는 줄기와 잎도 모두 사용합니다.
8. 줄기부분은 칼을 비스듬하게 해서 저미듯이 썰어 주세요.
9. 잎부분은 그냥 손으로 뜯어서 준비합니다.
10. 파프리카는 씹는 식감과 더불어서 단맛을 주기 때문에 넣어 주었습니다. 채썰어서 준비합니다. 색을 맞추기 위해서 주황색과 빨강색 준비했지요.
11. 냉동해물은 찬물에 해동을 시켜서 준비합니다. 그리고는 물기는 빼주세요.
12. 원래는 죽순을 넣어야 하는데 죽순이 지금시기에 구하기가 어렵더라구요. 그래서 연근을 준비했습니다. 자숙연근이라서 한번 씻어서 준 후에 먹기 좋은 크기로 썰어서 준비합니다. 연근 참 좋아요~~~ 아삭아삭~~~
13. 모든 준비가 완료되었습니다. 냉동해물과 연근, 목이버섯, 그리고 각종 채소와 버섯까지!!! 중식은 이렇게 재료준비를 모두 완료하고 시작하지요. 왜냐하면 바로 쌘불에서 볶기만 하면 끝이니까요.
14. 팬에 기름 두르고요. 파와 다진생강, 다진마늘 넣고 쌘불에서 볶아 줍니다. 파기름과 더불어서 향을 내주는 과정이지요. 이렇게 볶다가는 간장을 한바퀴 돌리면서 함께 복아줍니다. 그럼 더욱 불맛이 나는 중식요리가 될 수 있습니다. 그리고는 청주도 넣어 주고는 같이 향을 내어 줍니다.
15. 그런 다음에 이제 해물부터 넣어서 같이 볶아 줍니다.
16. 단단한 녀석인 연근을 넣어서 같이 볶아 줍니다.
17. 그리고 청경채와 표고버섯, 양송이버섯을 넣어 줍니다.
18. 파프리카, 배춧잎, 샐러리잎도 넣어 주고는 달달 볶아 줍니다. 자체내에서 수분이 나오기 때문에 기름을 추가하지 않으셔도 됩니다.
19. 마지막 재료인 목이버섯을 넣어 줍니다.
20. 볶아주면서 간을 맞추기 시작해야겠지요. 먼저 굴소스부터 넣어 줍니다.
21. 매콤한 맛을 내어 주기 위해서 고춧기름도 조금 넣어 주고요. 매실액으로 단맛을 추가해 줍니다. 고춧기름이 없으시면 고춧가루 조금 넣으셔도 되고 청양고추를 썰어서 넣으셔도 됩니다.
22. 후추 조금 부려 주시고는 물을 부어 주신 다음에 팔팔 끓여 줍니다. 물의 양은 1/2컵정도만 부어 주세요.
23. 걸죽하게 만들기 위해서 전분물을 넣어서 농도를 맞춰 줍니다. 전분물을 넣으면 확실히 재료 각각에 간이 스며들게 됩니다. 그러니 처음부터 간간하게 간을 맞추지 마시고 나중에 다시 간을 본 후에 부족하다고 싶으시면 이때 굴소스를 더 넣어 주시거나 간장을 추가해 주세요.
24. 불을 끄기전에 참기름을 넣고는 통깨 뿌려서 마무리 합니다. 참기름을 볶음요리를 할때에는 반드시 마지막에 넣어 주세요. 그래야 향이 오래동안 유지될 수 있다고 하네요.
25. 커다란 완성접시에 수북하게 담아서 놓으면 완성입니다. 마지막에 뿌린 참기름향이 물씬 풍기면서 중식 특유의 냄새가 솔솔 풍기네요."
중식,양장피,"오징어몸통 , 새우 10마리, 잡채용소고기 150g, 양장피 1장, 달걀 2개, 오이, 당근, 표고버섯, 맛살, 피망, 홍고추, 간장 1TS, 설탕 1/2TS, 다진마늘 1/2TS, 참기름 1/2TS, 후추 약간 , 간장 1TS, 설탕 1TS, 참기름 1ts, 연겨자 1TS, 식초 1TS, 올리고당 2TS, 레몬즙 1TS, 다진마늘 1TS, 참기름 1TS, 소금 1/2TS","1. 소고기는 양념재료 (간장 1TS, 설탕 1/2TS, 다진마늘 1/2TS, 참기름 1/2TS, 후추약간)﻿를 넣고 밑간해 30분이상 간이 배도록 냉장보관해주세요. 이때 연겨자소스도 미리 만들어 냉장고에 숙성시켜 주세요.
2. 야채는 같은 길이로 채썰어 준비해 주세요. 맛살도 같은길이로 얇게 썰어주세요.
3. 달군 팬에 식용유를 두르고 표고버섯을 볶다 굴소스를 조금 넣어 간을해주세요.
4. 볶아진 표고버섯은 다른 접시에 놓아두세요.
5. 달걀노른자와 흰자는 분리해서 각각 지단을 부쳐주세요.
6. 야채와 같은 길이로 곱게 채썰어 놓습니다.
7. 새우살은 끓는물에 살짝 데칩니다. 오징어는 세로로 칼집을 내어 끓는물에 살짝 데쳐냅니다.
8. 달군 후라이팬에 식용유를 살짝 두르고 밑간한 소고기를 볶아내어 주세요.
9. 고기가 볶아지면 홍고추와 피망채를 넣고 재빨리 볶은다음 불을 끄고 마무리해주세요.
10. 양장피를 끓는물에 3분정도 삶아 투명해지면 불을 끄고 찬물로 헹군 다음 물기를 빼주세요
11. 먹기좋은 크기로 찢은 양장피에 (간장 1TS, 설탕 1TS, 참기름 1ts)﻿로 밑간하세요.
12. 접시에 채썬 야채와 해물을 돌려 담아주시고 밑간한 양장피를 가운데 놓아주세요.
13. 먹기 직전 볶은 고기를 올려 겨자소스를 따로 담아 상에 내 놓으면 너무 예쁘고 맛좋은 양장피가 완성됩니다."
중식,고추잡채,"잡채용 돼지고기(등심) 300g, 노란 파프리카 1/2개, 빨강 파프리카 1/2개, 양파 1/2개, 표고버섯 2~3개, 꽃빵, 청양고추 2~3개, 맛술 1큰술, 다진 마늘 0.5큰술, 설탕 0.5큰술, 진간장 2큰술, 후춧가루 약간, 고추기름 1큰술, 다진 마늘 0.5큰술, 굴 소스 2큰술, 진간장 2큰술, 설탕 0.5큰술, 올리고당 1큰술, 맛술 2큰술","1. 집들이나 손님 접대로 하기 좋은 요리 고추잡채 만들기 ♬♪
2. · 잡채용 돼지고기에 밑간을 해 주고 15분간 재워둡니다
3. ※밑간 양념 【 맛술 1 큰 술, 다진 마늘 0.5 큰 술, 설탕 0.5 큰 술, 진간장 2 큰 술, 후춧가루 약간 】
4. 빨강 파프리카
5. 노랑 파프리카 1/2개씩 채 썰어주고
6. · 표고버섯 밑동을 떼내고 채 썰어주고
7. 양파도 채 썰고
8. 청양고추도 쫑쫑 썰어줍니다
9. · 재료 준비 완료!!
10. · 고추잡채의 양념을 만들어 줍니다   ※ 고추잡채 양념 【 굴 소스 2 큰 술, 진간장 2 큰 술, 설탕 0.5 큰 술, 올리고당 1 큰 술, 맛술 2 큰 술 】    -밥숟가락 계량
11. · 고추기름 1 큰 술 두른 팬에 다진 마늘 0.5 큰 술 넣고 볶다가
12. · 마늘향이 나기 시작하면 돼지고기를 넣고 볶아줍니다
13. 돼지고기가 반쯤 익었을 때
14. · 손질해둔 야채를 넣고
15. · 양념을 넣어 볶아줍니다
16. · 맛있게 볶아내면 완성!!
17. 고추잡채의 짝꿍 꽃빵
18. - 냉동상태의 꽃빵을 담고 랩을 씌운 후 4~5개의 구멍을 뚫어 전자레인지에 1분 30초간 조리하면 끝!!!
19. 알록달록한 채소와 고기를 짭조름한 소스에 볶아내 보기도 좋고 맛도 좋은 고추잡채"
중식,깐쇼새우,"자숙새우 250g, 녹말가루 3T, 계란흰자 1개, 소금 약간, 후춧가루 약간, 녹말가루 2T, 튀김기름 적당량, 다진마늘 1T, 고추장 1t, 케찹 2T, 청주 1T, 물엿 1T, 식초 1t, 물 1T, 설탕 1t","1. 자숙새우는 물에 넣어 해동 후 키친타월로 물기를 제거하고, 소금과 후춧가루로 밑간을 합니다.
2. 밑간을 하는 동안, 소스를 만들어주고
3. 대파도 다져줍니다.
4. 10분정도 후, 녹말가루 2T를 넣은 봉투에 밑간한 새우를 넣고 새우에 녹말가루가 골고루 묻도록 흔들어줍니다. 이렇게 녹말가루를 미리 묻혀야, 튀김옷도 잘 입고 새우를 튀기면서 기름이 튀지 않는답니다.
5. 튀김옷에 녹말가루를 묻힌 새우를 넣고 튀김옷을 골고루 묻혀줍니다.
6. 작은 냄비에 기름을 넣고, 기름에 적당한 열이 오르면, 튀김옷을 입힌 새우를 하나씩 넣어 줍니다. 튀김은 워낙에 기름을 많이 사용하게 되는데다가, 그 기름이 남으면 한번 사용한 기름이라 오래놓고 먹기는 좀..불가능.. 저는 가능한 작은 냄비에 튀김을 만들어 기름의 사용을 최소화(?)하려 하지요.
7. 녹말가루를 넣은 튀김류는 한번튀기는것 보다, 2번튀기게 되면, 튀김옷이 훨씬더 빠싹..해 져 식감이 아주 좋답니다.
8. 넓은 궁중팬에 기름을 1T두르고, 다진마늘을 넣어 기름에 마늘향을 내줍니다.
9. 아까 만들어 놓은 소스를 넣고, 소스가 부글부글 끓으면,
10. 튀겨놓은 새우를 넣고 휘리릭~ 버무려 주시면 됩니다.
11. 다 버무려진 새우에는 다진파와 검은통깨로 마무리 해주면 완성입니다."
중식,동파육,"통삼겹살 600g , 붉은 양파 1개, 파채 50g , 참기름 2작은술 , 소금 1/2작은술 , 물 1컵, 간장 3큰술, 설탕 1큰술, 꿀 2큰술, 참기름 1작은술","1. 삽겹살 통째로 600그람을 물이 끓을 때 넣어줍니다. 붉은 양파 한개도 껍질채 썰어 넣어요.
2. 중불에서 30분정도 끓여  젓가락이 쑤욱~들어갈 정도로 익으면 삽겹살을 건져주세요. 흐르는 찬물에서 깨끗하게 씻어요.
3. 1.5cm~2cm 두께로 썰어 팬에서 노릇노릇 익힙니다.
4. 물1컵. 간장 3큰 술. 설탕 1큰 술을 넣고 뭉근하게 서서히 조립니다. 국물이 거의 없어지면 꿀 2큰 술 참기름 1작은 술을 넣고  뒤적뒤적 하면서 조금 더 조립니다.
5. 참기름과 소금으로 밑간한 파채를 중심에 올리고... 완성된 동파육을 가장자리에 돌려 담기 해요. 음식을 그릇에 낼 때는 가장자리 여백이 있어야 요리가 돋보여요. 접시에 꽉 차게 담는 것은 절대로 금물~~ 정갈하게 조금씩만 담아냅니다*^^*"
중식,훠궈,"훠궈스프 3큰술, 천연조미료 2큰술, 쥐똥고추 5개, 대파 1/2뿌리, 다진마늘 1큰술, 굴소스 1큰술, 치킨스톡 2큰술, 두반장 2큰술, 건두부 먹을만큼, 납작당면 먹을만큼, 팽이버섯 먹을만큼, 쑥갓 먹을만큼, 샤브샤브용소고기 먹을만큼, 떡 먹을만큼, 만두 먹을만큼, 삶은달걀 먹을만큼, 땅콩버터 4큰술, 훠궈스프 1큰술, 두반장 2큰술, 칠리소스 2큰술, 매실액 3큰술, 참치액 1큰술, 레몬즙 적당량","1. 천연조미료를 다시팩에 넣어 주고는 육수를 만들어 줍니다.
2. 훠궈홍탕 스프입니다. 매콤한 고춧기름과 함께 홍탕 특유의 향이 나는 향신료가 들어가져 있습니다.
3. 육수를 만들어 줍니다.
4. 훠궈 홍탕스프도 3큰술 넣어 줍니다.
5. 홍탕육수에 다진마늘, 다진생강, 대파, 그리고 쥐똥고추를 넣어 줍니다. 같이 더욱 진한 육수를 우려내어 주세요. 그리고 간은 굴소스와 두반장, 그리고 치킨스톡으로 해줍니다. 훠궈스프만 넣으면 간이 약하더라구요. 그래서 두반장과 굴소스에 좀더 진한 육수의 맛을 내기 위해서 치킨스톡을 넣어 주었습니다.
6. 건두부는 길쭉하게 썰어서 준비합니다.
7. 납작당면도 준비합니다.
8. 샤브샤브용 소고기도 준비해 놓고요. 만두도 준비했습니다. 훠궈에 들어가는 재료들은 건두부, 납작당면, 떡국떡, 만두, 샤브샤브용고기 입니다.
9. 소스를 만들어 줍니다. 땅콩버터 4큰술, 훠궈스프 1큰술, 두반장 2큰술, 칠리소스 2큰술, 매실액 3큰술, 참치액 1큰술, 레몬즙 매콤하면서도 고소한 소스이지요. 칠리소스가 들어가서 색다른 맛을 내어 주고요. 간은 두반장과 참치액으로 해주었습니다.
10. 잘 섞어서 냉장고에 잠시 보관해 놓습니다. 맵기만 한 소스는 아니고요. 매실액이 들어가서 매운맛을 희석시켜 주는 맛이예요. 그리고 강력한 땅콩버터의 맛이 고소하지요. 오히려 느끼할 수 있는 맛을 매운소스가 잡아 줍니다.
11. 채소와 버섯, 그리고 삶은달걀까지 모두 준비되었습니다. 채소는 쑥갓만 준비했고 팽이버섯을 준비했습니다.
12. 이제 본격적으로 훠궈를 먹어 주어야겠지요. 각종 재료들 준비하고 일단 홍탕육수부터 다시금 뜨겁게 끓여 줍니다.
13. 각종 재료들을 넣고는 고기가 익을때까지 채소와 버섯을 건져서 소스에 찍어 드시고 고기가 익으면 고기랑 건두부랑 같이 드시면 더욱 맛있습니다. 나중에 만두와 납작당면, 그리고 떡을 넣고 식사대용으로 드시면 밥이 필요없는 한끼가 될 수 있습니다."
중식,꿔바로우,"설탕 5T, 식초 8T, 양조간장 1T, 소금 1/2t, 물 1/2컵, 당근 1/3개, 돼지고기 등심 500g ( 또는 안심 ), 전분 3T, 식용유 3~4컵, 소금&후추 약간, 소금&후추 약간, 찹쌀가루 8T, 식용유 1T, 전분 1컵, 물 1컵, 소금 약간","1. 소스재료를 넣고 소스를 만들어주세요 야채는 양배추, 오이, 당근, 양파는 다양하게 넣어주셔도 좋아요
2. 고기는 키친타월로 핏물을 없앤 후 칼등으로 두들겨주세요  그리고 소금 후추로 밑간을 해주세요 10분정도 둡니다.
3. 그리고 한입 크기로 썰어주세요
4. 튀김옷을 만들어주세요
5. 깊은 팬에 식용유 3~4컵을 중간불에서 170'c정도가 가장 적당합니다 반죽을 한방울 넣었을때 3초후 떠오르면 된거랍니다
6. 그리고 돼지고기는 전분을 앞뒤로 무쳐줍니다
7. 튀김옷을 한번 더 묻혀서 튀겨주세요
8. 돼지고기가 충분히 다 익을 수 있도록 5~6분간 튀겨주세요  돼지고기는 다 익으면 위로 둥둥 뜬답니다  처음에는 센불로 하시고, 너무 불이 쎄면 중불로 낮췄다가 다시 올리세요
9. 체에 밭쳐 기름기를 제거해주세요 전분으로 튀겨서 처음에는 흐물흐물하고 눅눅하답니다 이걸 한번 더 튀겨주세요  그럼 정말 바삭하고 촉촉한 꿔바로우가 된답니다"
중식,라조기,"닭다리살 300g, 마늘 2쪽, 대파 1/2대, 생강 약간, 건고추 5개, 청피망 1/2개, 홍피망 1/2개, 불린 건표고버섯 2장, 죽순 30g, 달걀(흰자) 1개, 불린 전분 100g, 고추기름 3숟가락, 닭육수 1종이컵, 물녹말 약간, 참기름 약간, 술 약간, 진간장 약간, 후추 약간, 진간장 2숟가락, 진간장 2숟가락, 굴소스 2숟가락, 설탕 1숟가락, 술 1숟가락, 후추 약간","1. 닭다리살은 먹기 좋은 크기로 잘라 닭 밑간 재료를 넣고 버무린다.
2. 흰자, 불린전분을 넣고 버무려 식용유에 2번 튀겨낸다.
3. 마늘, 대파는 편 썰고, 생강은 다져서 팬에 고추기름을 두르고 볶는다.
4. 술, 간장으로 불맛을 내고 편으로 썬 피망, 표고, 죽순과 건고추를 넣는다.
5. 볶음 재료, 닭육수를 넣고 끓인다.
6. 물전분으로 걸죽하게 농도를 내준다.
7. 튀긴 닭, 참기름을 치고 그릇에 담아 완성한다."
중식,멘보샤,"식빵 4장, 새우 300g, 전분 2T, 달걀 흰자 1개, 소금 약간, 후추 약간, 녹인 버터 1T, 올리브유 1T, 설탕 1/2T, 굴소스 1T, 케찹 1T, 식초 1T, 다진 마늘 1/2T","1. 식빵은 테두리를 자르고 4등분해 준비한다.
2. 새우는 손질하여 다진다.
3. 볼에 다진 새우, 전분, 달걀 흰자, 소금, 후추, 녹인 버터, 올리브유를 넣어 반죽한다.
4. 식빵과 식빵 사이에 반죽한 다진 새우를 넣는다.
5. 약불로 예열한 기름에 노릇하게 튀겨 완성한다.
6. 볼에 소스 재료를 넣어 소스를 만들어 곁들인다."
중식,마라탕,"쇠고기 샤브샤브용 300g, 오징어 1마리, 절단 꽃게 500g, 하이디라오 마라소스 1봉, 느타리 버섯 10g, 알배추 5장, 숙주나물 100g, 중국납작 당면 50g, 떡볶이 떡 5개, 비엔나소세지 5개, 유부 3장, 사골육수 1컵 , 물 1컵 , 실 당면 1묶음, 땅콩잼 2T","1. 납작 당면은 하루저녁 불리고 실당면은 1시간 불립니다.
2. 끓는 물에 떡볶이 떡을 데치고 유부도 데쳐 손으로 꾹 놀러 기름 뺍니다.
3. 꽃게는 비린내 제거를 위해 소주 1C을 넣고 씻어 줍니다.
4. 오징어는 다리와 분리해 내장을 빼고 깨끗이 씻어 줍니다.
5. 느타리 버섯과 팽이 버섯은 손으로 뜯어 준비합니다.
6. 데친 유부는 물기를 빼고 손가락 길이고 잘라 주세요.
7. 알배추도 똑같이 손가락 길이로 잘라 줍니다.
8. 물과 사골 육수를 넣고 자른 배추와 떡볶이 떡, 하이디라오 소스 3T 넣고 끓여 주세요. 끓이면서 간을 보고 입맛에 맞게 소스를 넣어 줍니다.
9. 끓기 시작하면 해물과 납작당면을 넣고 익으면 숙주나물과 유부,땅콩 버터 넣어 더 끓입니다. *납작 당면이 육수를 빨아 들이니 국물을 조금씩 더 추가해 주세요.
10. 숙주 나물이 익으면 청경채와 실당면,샤브샤브용 쇠고기를 넣고 쇠고기가 익으면 불을 끕니다."
중식,마라샹궈,"대패삼겹살 300g, 편마늘 5~6개, 대파 1/2개, 알배추 5~6장, 느타리버섯, 오징어 1마리, 새우 100g, 목이버섯 1/2개, 건두부, 중국당면, 청경채, 마라샹궈소스, 고추기름","1. 알싸하고 중독되는 매운맛  마라 소스에 재료를 볶아 만드는  마라샹궈 만들기 ♬♪
2. 물에 불려야 하는 건조 식재료들은  미리 물에 불려놓습니다
3. · 대파는 줄기 부분을 다져주고
4. 마늘은 편 썰어줍니다
5. 알배추는 한 장씩 떼서( 5~6장) 한 입 크기로 잘라줬습니다
6. · 느타리버섯은 하나씩 떼서 씻어주고
7. 목이버섯도 한 입 크기로 썰어줍니다
8. · 대패삼겹살 300g 준비하고
9. 없어도 되지만 있으면 더욱 맛있는  오징어 1마리와
10. 냉동새우 100g 준비해줬습니다
11. 재료 준비 완료!!!  ​마라샹궈는 소스만 준비되면  자기 취향의 식재료를 준비해서 넣어주면 됩니다  ​ 냉장고에 있는 재료들로 넣어주시면 돼요 :)
12. · 달궈진 팬에 고추기름 3바퀴 두르고 (약 5~6 큰 술)
13. 편마늘과 다진 대파를 넣고 볶아줍니다
14. · 마늘향이 올라오고 대파가 노릇하게 익었을 때  대패삼겹살을 넣고 볶아줍니다
15. · 대패삼겹살이 익으면서 기름이 나오면
16. 센 불에서 모든 재료를 다 넣고 골고루 섞어줍니다
17. · 마라 소스를 넣고
18. 센 불에서 모든 재료가 익을 때까지 볶아주면 완성!!!
19. 중독되는 매운맛  마라샹궈
20. 자기 취향대로 재료를 넣어 볶으면 되기 때문에  간단하고 맛있습니다  취향 저격 요리 ♥"
중식,춘권,"잡채 1줌, 무생채 1/2컵, 달걀 2개, 쪽파 2대, 식용유 약간, 깨 약간, 밀가루 1/2T, 간장 1t, 설탕 약간, 참기름 약간","1. 무생채는 물에 헹군 후 물기제거 하고 쪽파는 길이로 썰어주었어요 달걀 2개는 미리 풀어주고, 밀가루는 물약간을 넣고 되직하게 밀가루 풀을 만들어 줍니다
2. 잡채 1줌 준비합니다
3. 달군팬에 기름 약간 두르고 무생채 설탕 약간을 넣고 볶다가 불끄고 참기름과 깨 약간 넣고 섞어주고 잡채는 달군 팬에 간장 1t 넣어 볶고, 볶아놓은 무생채와 섞어 식혀줍니다
4. 달군 팬 약불에 달걀 물을 반만 부어 팬을 돌려가며 얇게 지단을 부쳐 식혀주고
5. 지단위에 밀가루 풀을 얇게 바르고 볶아놓은 잡채를 올려 말아 주고 양쪽 끝에 풀을 충분히 바르고 마지막 끝도 풀을 발라 줍니다
6. 말은 후 뒤집어 두세요 뒤집어 두어야 접착이 잘 됩니다
7. 달군 팬 약불에 기름 두르고 돌려가며 노릇노릇하게 구워줍니다
8. 식힌 후 썰어야 잘 썰려요~
9. 먹기좋은 크기로 썰어 마무리~~"
중식,어향육슬,"돼지고기다짐육 600g, 어향육슬소스 340g, 구운 야채 250g, 샐러리 150g, 썬파 3큰술, 다진마늘 2큰술, 다진생강 1작은술, 레드페퍼홀 1큰술, 후추 1작은술, 육수 500ml, 전분물 적당량","1. 어향소스입니다. 중국식재료 파는데에서 어향소스를 검색하시면 쉽게 구입하실 수 있습니다.
2. 구운야채입니다. 그릴드 베지터블 4봉으로 소분되어져 있습니다. ​    이것을 소스에 담궈서 어향가지육슬을 만들게 되면 구운야채들이 모두 흐물흐물해지고 모양도 사라지기 때문에 에어프라이어를 이용해서 한번 살짝 데우다시피 구워 줄 예정입니다.
3. 푸른 잎으로는 샐러리를 준비했습니다. 돼지고기의 잡내도 잡아 주고 향도 내어 주고 색감도 나오게 하는 역할을 합니다. ​    특히 중식에는 이 샐러리가 많이 사용되기도 합니다. 샐러리 대 굵직한 것을 저며서 각종 볶음요리에 넣어 주기도 하거든요. ​   샐러리를 3cm정도의 길이로 썰어 줍니다. ​
4. 달궈진 팬에 기름 두르고 썬파, 다진마늘, 다진생강에 레드페퍼홀을 넣어서 볶아 줍니다.
5. 그 사이에 에어프라이어에 냉동된 상태 그대로 넣고는 구워 줍니다. 180도에서 앞뒤로 약 7분동안 구워 줍니다.
6. 다 볶아졌다면 돼지고기다짐육을 넣어서 볶아 줍니다. 볶을때에 고기가 뭉쳐지지 않도록 으깨면서 풀어지도록 볶아 주세요.
7. 돼지고기가 회색빛이 돌때까지 익게 볶다가는 샐러리를 넣어서 같이 섞어가면서 볶아 줍니다.
8. 샐러리 숨이 죽으면 어향육슬소스를 넣어 주고 후추도 넣어서 같이 볶아 줍니다.
9. 냉동모둠구운야채를 에어프라이어에 구워진 구운야채입니다.
10. 육수를 부어 주고는 팔팔 끓여 줍니다. 소스의 국물이 많게 한 이유는 덮밥과 구운 야채에 부어 주기 때문입니다. 나중에 전분물로 걸쭉하게 농도를 맞춰 줄 예정입니다.
11. 전분물을 넣어서 걸쭉한 상태의 농도를 맞춰 줍니다. 걸쭉하게 팔팔 끓어 오르면 불을 끄시면 됩니다.
12. 에어프라이어로 살짝 데우듯이 구운야채들입니다. 가지도 있고 파프리카도 있고 호박도 있습니다. 호박은 돼지호박인 주키니입니다. 완성 그릇에 담아 줍니다.
13. 매콤하면서도 감칠맛이 나는 어향소스를 구운 야채 위에 넉넉하게 뿌려 넣어 줍니다. 그럼 구운 야채로도 충분히 만들 수 있는 어향가지육슬 완성입니다. ​ 밥에 비벼서 드시는 것이 최고로 맛있게 드시는 방법입니다."
중식,고량주,"가지 2개, 소금 약간, 후추 약간, 찹쌀가루 5숟가락, 물 1/2종이컵, 간장 2숟가락, 설탕 1숟가락, 식초 1숟가락, 물 1/3종이컵, 다진마늘 1/2숟가락, 청고추 1개, 홍고추 1개, 감자전분 1숟가락, 물 2숟가락","1. 가지는 한입 크기로 자른다.
2. 가지에 소금, 후추 밑간을 한다.
3. 찹쌀가루를 물과 섞어 반죽을 만든다.
4. 반죽에 가지를 넣어 찹쌀 반죽을 입힌다.
5. 예열된 기름에 가지를 튀겨낸다.
6. 팬에 기름을 조금 두르고 다진 마늘, 청고추, 홍고추를 볶는다.
7. 간장, 설탕, 식초, 물을 넣고 감자전분으로 전분물을 만들어 넣어 소스를 만든다.
8. 튀겨놓은 가지에 소스를 뿌려 완성한다."
양식,스테이크,"가지 3개, 고추장 2숟가락, 마늘 1숟가락, 설탕 1숟가락 (적은), 올리고당 1숟가락, 참기름 2숟가락, 참깨 솔솔","1. 가지는 단단하고 보라색이 진한것 좋아요..  깨끗하게 씻어 주어요.
2. 가지를 반으로 잘라서 칼집을 내어요.  너무 깊게 내면 찢어 질수가 있으니 조심.. (벌집 모양처럼)
3. 가지스테이크 소스를 만들어 줄거예요.  고추장2, 마늘1, 설탕1,올리고당1, 참기름2, 참깨 넣고  * 맛을 보아 조절 하세요..
4. 팬에 참기름을 조금 두르고 살짝 구었어요.  * 약불에서 구어 주어요.
5. 가지살이 살짝이 이렇게 익으면 된답니다.  * 너무 물러도 좋지 않아요.
6. 만들어둔 양념을 가지살에 살살 발라 주어요.
7. 양념이 다 발라졌다면 뒤집어서..  아주 살짝이 양념이 배이면서 익도록 해요.(1~2분정도)  * 불조절 약약불로.. 그렇지 않으면 탈수가 있어요.
8. 접시에 한꺼번에 담아서 먹었지만..  접시에 가지 스테이크 담고, 밥을 담아서 드셔도 좋을듯 합니다."
양식,파스타,"스팸 1/2작은캔 , 청경채 2줄기, 피망 1개, 양파 1개, 마늘 1개, 버터 조금, 파스타면 2인분, 케찹 4비율, 마요네즈 2비율, 굴소스 1비율, 치킨스톡 뜨거운물에 푼 것 1스푼, 식초 1큰술","1. 자~ 들어갈 재료를 전부 도마 위에 보기 좋기 정렬 해보았어요! 지금 도마 위에 없는 것이 계란 두개와, 식초 한 큰술, 치킨스톡 (뜨거운 물에 푼것 종이컵 반에 반의 량) 이 없네요~ ㅎㅎ 재료를 손질해주세요. 케첩양은 마요네즈의 두배이고, 마요네즈는 굴소스의 두배입니다. *마요네즈를 넣는건 정말 비밀이예요! 너무 맛있어지거든요.
2. 물 1.5L 정도에 소금을 40g 정도 넣었어요. 바닷물 처럼 짜야 파스타가 맛있습니다. 밑간이지요! 저는 7분을 맞추어 두었는데, 사용하시는 파스타 면의 굷기나 성분의 차이나, 집집마다 화구의 열이 각각 다 다르기 때문에, 의미가 없습니다. 6분 이상 부터 30초 간격으로 조금 씩 꺼내서 드셔보시는게 가장 현명합니다.
3. 파스타 삶는 물에 청경체를 넣고 15초 정도 살짝 데쳤습니다. 그리고 마늘은 알갱이가 살짝 있도록 잘라두었어요. 너무 다져버리시면 햄이 익기 전에 타버릴 수 있기에 조금 굷게 다지시는게 좋습니다.
4. 버터를 녹힌 팬에 마늘을 넣고, (마늘의 매운맛은 몇 초 후 다 빠집니다) 15초 후 즈음 스팸을 넣습니다. 팬을 손으로 들었다 놓았다 하면서 화력을 조절해 주세요. 전 약불로 은근하게 마늘의 향을 최대한 뽑아냅니다. 불조절의 미묘함이 '맛' 이라는 성의 기본을 탄탄하게 만들어줍니다.
5. 햄을 후라이팬이 1차적으로 다 피셔서 햄에서의 기름이 나오기 시작하면 마늘은 천천히 타게 될 것입니다! 그리고 기름이 나오는 순간 나머지 야채를 넣어주세요! 전 야채를 조금 밑간 하고 싶어서 소금 살짝이랑, 설탕 살짝 꼬집어서 넣어주었어요. (업장용은 이곳에 미원이나, 다시다, 혼다시 등을 살짝 꼬집어서 넣어주면 되요.)
6. 다 익혀둔 면을 넣습니다! 전 면을 삶을 때에 기름을 안넣는데요. 제발 넣지 말아주세요. 그냥 틈틈히 끓고있는 면을 잘 젓어주면 절대 엉켜붙지 않아요. 괜히 의미없는 부분으로 칼로리만 높아집니다 .. 미리 개어두었던 치킨 스톡을 지금 이 순간 면 위에 붓습니다. 면을 잘 풀어주고요, 마늘이 더 이상 타지 않고, 채소들도 한껏 채수를 내뱉어 줄 것입니다. 치킨 스톡으로 면에 기본 향을 입힐 수 있기 때문에, 파스타를 먹는 내내 100% 꽉찬 맛을 느낄 수 있어요. 그 팁은 맛을 켭켭히 쌓기입니다.
7. 미리 담아두었던 나포리탄 소스를 붓습니다. 그리고 식초를 반 큰술(식성에 따라 한큰술까지)을 넣어줍니다. 식초를 많이 넣는다고 많이 시거나 하지 않습니다. 식초가 들어가야 정말 나포리탄입니다. 그래서 입맛 없을 때 먹으면 정말 맛나요. 재료 전체가 다 익혀진 것이기에 소스가 뭍을 정도만 볶아주고 불을 꺼주세요.
8. 반들반들 닦아 두신 접시에 토핑으로는 남은 스팸 한 조각과 계란 후라이, 그리고 치즈 그라나파다노 를 갈아주세요~ 대치고 남은 청경체 꼭따리는 장미랍시고 올려두었습니다 ^^;;"
양식,피자,"또띠아 2장, 간마늘 1T, 피자치즈 200g, 토마토소스 2T","1. 먼저 고르곤졸라 피자를 만들꺼에요  팬에 또띠아를 올려주구요
2. 간마늘을 쫙 펴줄꺼에요.
3. 간마늘을 얇게 쫙 펴줍니다.
4. 피자치즈를 그위에 쫙펴주면 준비는 끝  여기서 치즈를 끝쪽은 조금 남기고  뿌려줍니다.  치즈가 녹으면서 흐를수 있으므로...
5. 팬 뚜껑을 덮고   3분정도 약불에 놓으면   요렇게 피자완성~~~
6. 요렇게 알맞은 크기로 잘라서   먹으면 됩니다.  꿀을 같이 찍어 먹으면 되지요  바삭하고 쭉 늘어나니 너무 좋아요.
7. 초 간단으로 집에서 만들어 먹는  고르곤졸라 피자에요.
8. 원하는만큼 치츠도 듬뿍 넣어  먹을수있는게 좋은거 같아요.  달달한 꿀과 함께 라면  맛있다는
9. 이번은 시판용 토마토 소스로 만드는  초간단 피자에요   시판용 토마토소스를  또띠아에 골고루 바른후
10. 피자치즈를 골고루 뿌려주고
11. 팬 뚜껑 덮고 약불에서 3분이면  완성!
12. 아이들은 요걸 너무 좋아하드라구요.  소스맛이 맛있는거 같아요
13. 피자피즈 쭉쭉 늘어나는거 보이나요?
14. 요것도 꿀을 콕 찍어 먹으면 좋아요.  아이들과 이렇게 해먹으면  좋을것 같아요."
양식,샐러드,"플레인요거트 1개, 꿀 1T, 레몬즙 2-3T, 마요네즈 1T, 소금 톡톡, 후추 톡톡, 샐러드채소","1. 플레인 요거트 한통을 준비해서 그릇에 부어주세요
2. 마요네즈 한스푼
3. 레몬즙 두스푼
4. 꿀 한스푼
5. 소금톡톡
6. 후추 톡톡
7. 섞어주세요~!
8. 준비한 샐러드 채소 위에
9. 요거트 드레싱을 뿌려주면 끝!ㅎㅎ 파슬리가 있다면 톡톡뿌려 색감을 주는것도 좋지요~"
양식,라자냐,"라자냐면 3장, 소고기 120g, 양파 다진것 1/4개, 다진마늘 1큰술, 토마토소스 1.5컵, 소금 소량, 후추 소량, 치즈 200g, 파마산치즈 (선택재료), 물 (면삶을용), 소금 1큰술, 오일, 물 100ml","1. 면 삶을 물에 소금을 넣고 라자냐 면을 10분 간 삶아줍니다
2. 소고기는 다짐육으로 준비하시면 좋고요. 파프리카는 기호에 맞게 썰어주세요.
3. 팬에 오일을 두르고 소고기를 볶아줍니다. 덩어리지지않게 잘 부셔서 섞어주시고요, 소금 후추 간을 살짝 해주세요
4. 소고기의 수분을 모두 날리게 볶아준 다음 양파와 마늘을 넣어서 볶아주세요
5. 토마토소스를 넣어주시고요
6. 파프리카와 물 100ml를 넣어서 뭉근하게 끓여주세요. 약불에서 15분정도 끓여주시면 됩니다. 소스는 되직하게 끓여주는게 좋아요.
7. 오븐사용(에프가능)가능한 용기에 면-소스-치즈순서를 반복해서 쌓아주시고요, 마지막에는 파마산치즈를 올려주시면 더 맛나요. 200℃ 20분정도 구워주세요(기기성능차이있을수 있어요)
8. 맛있게 구워졌어요!"
양식,감바스,"올리브유 150ml, 칵테일새우 적당량, 통마늘 10개, 페퍼론치노 6개, 후추 2꼬집, 소급 1꼬집, 파슬리 2꼬집, 바게트빵 적당량","1. ★밑간하기 새우에 소금과 후추로 밑간을 한다.
2. ★재료 손질하기 마늘과 양송이버섯을 손질한다.
3. ★바게트 굽기 준비한 바게트 빵을 겉이 바삭하게 살짝 굽는다.
4. ★올리브유에 졸이기 중약불에서 올리브유를 가열한 뒤 마늘을 넣어주고 마늘이 익을 때쯤 버섯을 넣어준다.
5. ★마지막 간하기 & 마무리 마지막으로 새우를 넣어 익혀주고 후추와, 허브, 파슬리를 넣고 마무리한다."
양식,카프레제,"방울토마토 (본인먹을만큼), 모짜렐라치즈 (본인먹을만큼), 바질 잎 약간, 올리브오일, 발사믹식초, 소금, 후추","1. 필요한 방울토마토, 모짜렐라 치즈, 바질잎입니다.
2. 스낵용으로 나온 볼 모양의 모짜렐라 치즈인데 구하기 힘들다면 모짜렐라 스트링 치즈나 덩어리로 된 치즈를 작게 잘라서 사용하셔도 됩니다
3. 방울토마토와 미니 모짜렐라를 비교한 사진입니다. 방울 토마토는 반으로 자르고 치즈는 삼등분해 주세요.
4. 꼬치에 토마토,치즈, 토마토, 치즈 순으로 재료를 끼우고 잘게 다진 바질 잎을 위에 얹어 줍니다.
5. 올리브오일과 발사믹 식초를 1:1로 섞어 소금, 후추로 간을 한 뒤, 꼬치 위에 뿌려 주면 완성~  참 쉽죠, 잉? 당연히 맛도 좋습니다."
양식,크림스프,"우유 200ml, 버터 3T, 밀가루 3T (추가가능), 소금 1/3T (조절가능), 후추 약간","1. 재료를 준비합니다.
2. 냄비에 버터를 녹여줍니다.
3. 버터가 다 녹으면 밀가루도 넣어주세요.
4. 뭉친 것 없이 골고루 저어주고, 밀가루가 충분히 익을 수 있도록 볶아주세요.
5. 색이 살짝 변했을 때 우유를 넣어줍니다.
6. 잘 섞일 수 있도록 바닥까지 꼼꼼히 저어줘요.
7. 그리고 준비해둔 치즈 한장 투척!
8. 원하는 농도보다 살짝 묽을 때 불을 꺼주세요.
9. 마지막으로 소금 넣고 간 맞추시면 끝!
10. 후추 톡톡 뿌려서 드시면 됩니다."
양식,치킨스테이크,"닭다리살 400g, 쯔유 2T, 소금 1/2t, 올리고당 2T, 다진마늘 2T, 통후추 1t, 올리브유 2T","1. 닭다리살 400g (닭가슴살을 사용하셔도 좋아요^^)  쯔유 2T 소금1/2t 올리고당 2T 다진 마늘 2T 통후추1t 올리브유 2T  ※쯔유 대신 진간장을 사용하셔도 돼요. 쯔유는 진간장보다 감칠맛과 단맛이 더 난답니다:)
2. 고기에 양념을 해줄게요
3. 쯔유 2큰술
4. 소금 1/2작은술
5. 올리고당 2큰술
6. 다진 마늘 2큰술
7. 통후추 1작은술
8. 잘 섞어주세요
9. 마지막으로 올리브유 2큰술도 넣어줄게요
10. 다시 한 번 고기를 잘 주물러주세요
11. 이제 고기를 숙성시키기 위해 랩을 씌울게요
12. 바로 구워 드셔도 되지만,  반나절 정도 냉장고에 숙성시키면  고기에 간이 더 잘 베여서 맛있어요
13. 반나절 숙성시킨 고기를 냉장고에서 꺼내고
14. 예열된 후라이팬에 구워볼게요
15. 닭 껍질 부분이 아래쪽으로 향하게 놓고 구워주세요
16. 그리고 곧바로 물을 100ml정도 부어주세요
17. 이제 뚜껑을 닫고 중불에서 5분정도 익혀줄게요
18. 5분이 지나면 뚜껑을 열고 고기를 한 번씩 뒤집어주세요
19. 다시 뚜껑을 닫고 중불에서 5분정도 익혀주세요
20. 다시 5분이 지나면 뚜껑을 열고 고기를 뒤집어주세요
21. 이제 고기가 타지 않게 잘 살펴보면서 골고루 익혀주세요
22. 노릇노릇 맛있게 구워지고 있어요
23. 이제 그릇에 담아볼게요
24. 입에서 살살 녹는 닭다리살 스테이크 완성:)
25. 오늘 하루도 건강한 집 밥 챙겨드세요!  -집밥한그릇- ♥♥♥‘구독’과 ‘좋아요’ 는 사랑입니다.♥♥♥ 유튜브 구독링크♥ http://bit.ly/2QnUGbz"
양식,미트볼,"쇠고기간것 300g, 돼지고기간것 300g, 식용유 적당량, 굴소스 1큰술, 소금 0.5작은술, 설탕 0.5큰술, 마늘 0.5큰술, 대파 3큰술, 빵가루 2큰술, 참기름 0.5큰술, 깨소금 1큰술, 후추 톡톡, 고추장 1큰술, 진간장 1큰술, 케첩 3큰술, 올리고당 3큰술","1. 돼지고기 반 쇠고기 반 고기에다 밑간을 만들어줄 거예요.
2. 준비한 고기에다 다진 마늘 0.5큰술  대파 쫑쫑 썰어서 3큰술  굴소스 1큰술 투하!! 소금 0.5작은술로 간을 해줍니다. 간장으로 간을 하면 질척해지니  소금으로 간을 하는 것이 좋아요.
3. 참기름 0.5큰술과 깨소금 1큰술을 넣어서  꼬신 맛을 더하고 설탕 0.5큰술로 단맛 추가!! 고기 잡내는 후추로 톡톡 잡아주공 마지막 빵가루 2큰술 팍팍 넣어서  빵가루 없음 밀가루나 전분도 가능합니다.~
4. ​고기는 여러 번 팍팍 치대 줍니다.
5. 동글동글 적당한 크기로 만들어 놓고요.
6. 프라이팬에다  기름을 넉넉하게 두르고 ​예열을 한 다음. 미트볼을 프라이팬에 올리고 굴려가면서 익힙니다.
7. ​미트볼이 익으면 불을 끄고
8. 그릇에 담아내고요.
9. 프라이팬에 고추장 1큰술 케첩 3큰술 물엿 3큰술 진간장 1큰술을  넣고 섞어줍니다.   ​보글보글 미트볼 소스를 중간 불 정도로 놓고 끓여줍니다.
10. 불을 줄이고 ​미트볼을 넣고  뒹굴뒹굴 굴려가면서 미트볼에 소스를 입혀줍니다.
11. 접시에 담고  새싹채소 올려서 예쁘게 플레이팅하고  마무리~~ 아~ 새싹채소부터 올리고 미트볼을 올릴 껄~ 미트볼만 먹어도 맛있지만  새싹채소랑 곁들여 먹으니 분위기도 살고 신선한 맛도 느껴지고 참 좋더라고요."
양식,프렌치토스트,"식빵 2장, 달걀 2개, 우유 1컵, 소금, 설탕 1꼬집","1. 식빵 두장 , 달걀 두개 , 우유 한컵을 준비해주세요.
2. 식빵은 먹기 좋게 반으로 자르고
3. 달걀은 풀어서 소금 한꼬집넣어 간 해주고 우유엔 설탕 한꼬집을 넣어주세요.
4. 오상진프렌치토스트의 촉촉함의 비결은 바로 빵을 우유에 먼저 충분히 적셔주는 거 였는데요.
5. 우유에 충분히 촉촉해진 빵에 계란옷을 입혀주는거예요.
6. 달군어진 팬에 버터 한 조각을 두르고
7. 중약불에서 프렌치 토스트를 앞 뒤로 구워주세요.
8. 프렌치토스트도 충분히 맛이 있지만 든든한 브런치를 위해서 과일과 소시지도 곁들여 보았어요."
양식,오믈렛,"햄 100g, 양파(대) 1/2개, 당근 1줌, 감자(중) 1/2개, 파 1/2대 (잎위주), 식은 밥 2인분, 케찹 1T, 소금 1/2T, 후추 약간, 계란 4개, 돈가스소스 6T, 케찹 3T, 올리고당 3T, 굴소스 1T, 물 100ml","1. 먼저 소스만들 양념을 모두 넣고 섞어 둡니다. (꼭 미리 해야 하는건 아니지만 오므라이스를 따뜻하게 먹을 수 있도록 미리 섞어두면 좋겠죠^^)
2. 들어갈 재료를 손질해주세요.
3. 모두 잘게 다져줍니다.
4. 기름을 두른 팬에 다진 파와 양파, 감자를 넣어 볶아줍니다.
5. 파와 양파의 향이 올라오면 당근과 햄을 넣어 볶다가, 소금과 후추, 케찹을 넣어 간을 해줍니다.
6. 다 섞이면 식은 밥 2인분을 넣고 불을 끈 상태에서 골고루 섞어줍니다.
7. 계란을 풀어 지단을 만들어주고, 반 정도 익은 상태에서 만든 볶음밥을 올립니다.
8. 넓은 접시를 그 위로 덮고 뒤짚은 후 잘 다듬어 주면 모양잡기 쉽게 클리어!!
9. 마지막으로 섞어둔 소스를 저어주면서 약한불로 5분정도 끓여줍니다.
10. 소스 붓고 파슬리로 장식하면 완성~"
양식,클럽샌드위치,"식빵 3장, 햄, 계란 1개, 양파, 토마토, 양상추, 마요네즈 1큰술, 머스타드 1/2큰술, 다진피클 1/2큰술","1. 햄은 얇게 썰어서 준비합니다. 샌드위치햄을 준비하셔도 좋습니다.
2. 식빵은 노릇하게 구워서 준비합니다.  버터로 굽지않고 올리브오일 살짝 뿌려서 구워줬어요.
3. 방울토마토 썰어주고.  큰토마토가 있음 더 좋습니다.
4. 양파도 썰어주고.
5. 계란후라이하나부쳐줍니다.  햄은 데쳐서 사용하는게 좋지만... 계란옆에서 살짝 구워줍니다.
6. 간단하게 샌드위치스프레드를 만들어요.  마요네즈1큰술에 머스타드 2/3큰술 다진피클1/2큰술을 넣고 섞어 줍니다.
7. 담백하게 구워낸 식빵 한쪽면에  샌드위치 스프레드 펴발라주고.
8. 구운햄 듬뿍 올려주고  재료를 아끼지 않는게 포인트죠~  계란후라이 올려주고.  또 한장의 식빵에 스프레드 발라 덮어주고
9. 토마토와 양파올려주고  양상추 듬~뿍 올려줍니다.  양상추에 물기는 없도록!  그리고 역시나 재료아끼지않기 ㅋㅋ
10. 또한장의 식빵 한쪽면에 스프레드 발라서 뚜껑 덮어주세요.
11. 샌드위치 유산지에 꽁꽁 싸매주세요.  유산지가 없다면 랩!!"
양식,치즈오븐스파게티,"스파게티면 2인분, 양파, 호박, 당근, 버섯, 베이컨, 옥수수통조림, 토마토소스, 피자치즈가루","1. 각종야채와 햄을 다져서 준비합니다
2. 토마토소스를 넣고  볶아주세요
3. 양념이 준비가 됐어요
4. 팔팔 끓는물에 면을넣고  8분동안 삶아줍니다 소금도 조금 넣어주어요
5. 삶아진 면은 채반에 받쳐서 물기를 빼주세요
6. 오븐에 들어갈 그릇에  면올리고 양념 올리고 피자치즈가루 듬뿍 올려주세요
7. 오븐에 넣고 180~200도에 15분설정했어요
8. 완성입니다 맛있게 냠냠 먹어요"
양식,감자그라탕,"감자2개, 새우 1줌, 양파, 파프리카, 가지, 토마토2개, 버터, 치즈가루, 소금, 후추","1. 감자는 깨끗히 씻어 쪄서 준비해주세요. 감자는 다 익히지 마시고 살짝 덜 익혀주세요.
2. 익은 감자 한김 식힌후 썰어주세요.
3. 야채는 다져서 준비합니다. 야채경우 냉장고에 있는 자투리 채소 이용하심 될것같아요.
4. 팬에 버터를 녹여주세요.
5. 익혀 놓은 감자를 버터에 넣어 구워주심 된답니다. 그래서 처음에 감자를 삶을때 완전히 익히지 않아도 되는거예요.
6. 버터에 빠진 감자 냄새부터 참 좋치요. 여기에 간 살짝해서 그냥 먹어도 맛있어요.
7. 구워놓은 감자는 잠시 빼놓고 팬에 기름을 살짝두르고 야채+새우를 넣어 볶아주세요. 소금,후추로 살짝 간을해주세요.
8. 생토마토 2개를 껍질을 벗겨 믹서에 갈아 넣어주세요. 토마토가 없으면 시판용 스파게티소스 사용하셔도 됩니다.
9. 보글 보글 끓이다 치즈가루를 넣어주세요. 그리고 간을 보시고 부족하면 소금 + 설탕을 넣어주심 된답니다. 설탕은 토마토가 너무 시큼하다 싶으면 넣어주세요. 치즈가루 없으심 생략가능합니다. 끓이다 보면 걸쭉한 느낌이 들어요 그럼 불을 꺼주세요.
10. 오븐 그릇에 구워놓은 감자를 담아주세요.
11. 감자위에 토마토소스를 올려주세요.
12. 모짜렐라치즈를 올려주세요.
13. 똑같은 방법으로 다시 감자를 올려주세요.
14. 토마토소스 올리고 마지막에 모짜렐라치즈 듬뿍 올려주심 된답니다. 오븐 180도에서 10분 돌렸어요. 오븐이 없음 전자렌지 이용해주세요.
15. 치즈가 듬뿍 올라간 감자그라탕. 푹 떠주면 치즈가 쭈욱 쭈욱 늘어나는 맛에 치즈 듬뿍 올려 먹는것같아요."
양식,바질페스토파스타,"바질페스토 2~3T, 마늘 3~5개, 스파게티면 1인분, 페페론치노 3~5개, 소금 조금, 후추 조금, 올리브오일","1. 만들어둔 바질페스토와 스파게티면 1인분을 준비해주세요 그리고 마늘도 편썰어 준비해주세요  바질페스토만드는 법은 여기에 @6845925
2. 스파게티면을 삶아주세요  면을 삶을때 물은 넉넉히 끓여주시고, 소금도 끓이는 물의 간을 맞춘다 생각하고 넉넉히 넣어주세요 그리고 올리브오일도 살짝 넣어서 삶아주세요
3. 팬에 올리브오일을 두르고, 마늘과 페페론치노를 넣어주세요  매운것을 좋아하시는분은 페페론치노를 으깨서 넣어주세요
4. 면을 넣고 볶아주세요
5. 바질페스토를 2~3T정도 넣어주세요
6. 바질페스토와 잘 버무려지도록 볶아주세요  이때.. 농도는 면수를 살짝 넣어서 조절해주세요  간은 소금과 후추로 간을 해주세요
7. 그릇에 옮겨담고 파마산 치즈를 뿌려주면 완성이에요  이때 파마산 치즈가 똑 떨어져서..ㅎㅎ;; 저는 그냥 먹는걸로~ㅎㅎ  그래도 바질향이 향긋해서 맛있어요~^^"
양식,치킨파르메산,"손질된 닭 한마리 7호, 당면 1줌, 감자 큰 거 2개, 양파 1개, 당근 1/3개, 오이 1/3개, 대파 1/2개, 청고추 1개, 물 4종이컵, 진간장 13스푼, 물엿 5스푼, 설탕 3스푼, 캐러멜소스 1스푼 (생략가능), 다진마늘 3스푼, 후춧가루 톡 3번, 인스턴트커피 1봉, 미림 3스푼 (혹은 소주), 쌀뜨물 (또는 우유)","1. [당면 불리기] 큰 볼에 당면 한줌 분량을 넣고 당면이 잠길 정도의 찬물을 넣어주세요. 그냥 사용하면 억세기 때문에 약 1시간 정도 불려 주었습니다.
2. 1시간 정도 불려주면 부피가 늘어나는데요. 참고해주셔서 취향에 따라 가감해 주세요.
3. < 야채 손질 > 당근 1/3개는 둥글 납작한 모양으로 양파 1개는 듦성 큼직하게 오이 1/3개는 어슷썰기로 대파 1/2개는 손가락 길이 정도로 큼직하게 썰어서 준비해주세요.
4. [닭 잡내 제거 1차] 손질되고 토막 난 7호 닭 1마리는 흐르는 물로 1차 세척을 해주세요. 큰 볼에 닭이 모두 잠길 정도의 쌀뜨물을 담고 약 30분 동안 잡내를 제거해주시고요.
5. [닭 잡내 제거 2차] 1차 잡내 제거를 마친 닭은 흐르는 찬물로 한번 헹궈 주세요. 냄비에 닭을 모두 넣고 물과 미림 3스푼 혹은 소주 3스푼을 넣고 강불로 끓여주세요.
6. 보글보글 끓기 시작하면 닭은 바로 건져내 주시면 된답니다.  기름기 제거와 잡내는 확실히 잡혔겠죠! 
7. [안동찜닭 소스 만들기] 조금 전 사용했던 냄비에 물을 모두 버리고 종이컵 4컵 분량의 물과 닭을 넣어주세요.
8. 이어서 베이스 소스인 진간장 13스푼을 넣어주시고요.
9. 황금레시피 필살기인 커피 1스푼을 넣고 10분 정도 강불에서 끓여주세요.  커피는 잔류 잡내 제거에 큰 도움을 주며 색상때문에 넣는 캐러멜소스를 안넣어도 찜닭의 진한 국물 색상을 만들어주기도 한답니다 저는 오늘 두가지 다 준비되어있어 다 넣었어요!
10. 10분 후 설탕 3스푼 넣고 살살 저어 주시며 1분 동안 끓여주세요.
11. 물엿6스푼 도 함께 넣어주세요.
12. 깔끔한 국물맛을 위해 올라오는 거품은 걷어내 주세요.
13. [야채 넣고 끓이기]   이제 야채를 넣어줄 차례!  고추와 대파를 제외하고 손질해 놓은 감자, 당근, 오이, 양파를 넣고 으깨지지 않게 살살 저어 주세요.
14. 다진 마늘 3스푼, 후추 톡 3번,캐러멜 소스 1스푼을 넣고 뚜껑을 닫고 10분간 강불로 끓여주세요.
15. 후추 톡! 3번
16. 캐러멜소스1스푼
17. 손질해 놓은 대파 1/2개, 홍고추 1개 불려놓은 당면 한 줌을 모두 넣어주세요. 그리고 정확히 2분 30초만 끓여주시는 게 최적의 당면 식감을 만드는 포인트라고 하네요.
18. 보는 것만으로도 그때의 맛이 생각나는 식욕 돋게 하는! 찜닭 완성입니다. ^_^
19. 일단 거두절미하고 닭다리 맛부터 볼게요! 적당히 탄력 있는 닭살은 입에 넣고 후릅! 하면 살과 뼈가 분리돼요. 평소 안동찜닭을 좋아하시는 친정 아빠는 맛을 보시더니 파는 것보다 훨씬 맛있다고 A 뿔뿔 뿔! 이다를 외쳐주셨답니다.  엄청 칭찬해 주셨어요 우헤헤헤 험험..
20. 찜닭 맛이 거기서 거기일 수도 있겠지만 어른, 아이 할 것 없이 모두 드시기도 좋고적당한 짭조름한 맛이 어우러진 꽤 괜찮은 레시피였답니다."
양식,에그베네딕트,"베이컨 2줄, 아스파라거스 5개, 방울토마토 4개, 잉글리쉬머핀 1/2개, 계란 1개, 식초 1T, 계란노른자 1개, 레몬즙 1t, 버터 40g, 소금 1/2t, 후추 1/2t","1. 버터를 녹여주세요.  중탕을 시켜도 되지만, 전자레인지에 랩을 씌우고 30초간 돌려줘도 된답니다.
2. 버터를 녹인 뒤, 노른자를 1개 넣어주세요.
3. 그 다음 레몬즙 1
4. 마지막으로 소금과 후추를 넣어주세요.
5. 그 다음 냄비에 물을 받아서 끓인 뒤,   위에 홀란다이즈소스가 들어있는 볼을 올려 중탕을 하면서 원하는 농도가 될 때까지 거품기로 저어주세요 :-)  이렇게 하면 홀란다이즈소스는 완성입니다.
6. 그 다음 수란을 만들어 얼음물에서 식혀주세요. (사진이 날아가버려서 수란만드는 법은 따로 올릴게요 ㅠㅠ)
7. 수란까지 완성이 되면, 빵 / 방울토마토 / 아스파라거스를 구워주세요.  다 굽고나서 베이컨을 구워주시면 됩니다.
8. 잉글리쉬 머핀위에 버이컨을 올리고.  채소들은 예쁘게 플레이팅 해주세요.
9. 수란과 홀란다이즈소스를 올린 뒤, 파슬리를 뿌려주면 완성입니다 :-)  브런치카페를 가지 않아도 되는 맛입니다."
양식,로스트치킨,"닭날개 500g, 우유 1/2컵, 칠리소스 약간 (or 허니머스터드), 올리브유 2큰술, 맛술 2큰술, 굴소스 1큰술, 올리고당 1큰술, 다진마늘 1/2큰술, 카레가루 1작은술, 후추 약간, 소금 약간, 파슬리가루 약간, 로즈마리 약간","1. 닭날개는 우유에 10분 정도 담가두었다가 건져 낸 후 물에 헹궈 물기를 제거해주세요.
2. 닭날개에 칼집을 넣고, 소스재료에 10분간 재워주세요.
3. 달군 팬에 약간의 올리브유를 두르고 닭날개의 표면이 노릇하게 색이 나도록 앞뒤로 2분간 구워주세요.
4. 오븐팬에 닭날개를 넣고, 200도로 예열한 오븐에서 13~15분간 구워 속까지 익혀주시면 완성! (오븐이 없을 시에는 닭날개 표면을 노릇하게 구운 후 불을 약불로 줄이고 뚜껑을 닫아 10분 정도 은근히 구워 속까지 익혀주세요.)"
반찬류,계란말이,"계란 4알, 물 50cc, 대파 1대, 소금 약간","1. 원래 백주부님 레시피는 계란 5알, 물 70cc, 설탕 반숟갈, 소금 1/3숟갈 입니다
2. 계란 4개와 물 50cc를 잘섞어주세요
3. 대파는 쫑쫑썰어 먼저 기름 살짝 두르고 볶아 파기름을 내줍니다
4. 파향이 기분좋게 솔솔나면 계란물을 1/3 혹은 1/4정도 부어주세요
5. 저는 4번에 나눠 붓고 말았어요 그리고 계란말이할때는 무조건 약불!! 아시죠?
6. 여기서 보통 그냥 계란을 마는데.. 백주부님 레시피는 첫판은 스크램블하기!!
7. 한쪽으로 밀어두고 또 계란물 붓기  이제부터 말아주시면 됩니다
8. 첨엔 스크램블이 되어있다보니 좀 안말린다싶긴했는데...  계속 계란물 붓고 말다보면 예쁘게 잘말리더라구요 ㅋㅋ
9. 계란물 붓고 말고 붓고 말고 반복
10. 계란물 붓고 말고 붓고 말고 반복
11. 터지지않게 조심하면서 옆면도 잘익혀주면 두툼한 계란말이 완성 ㅋㅋ
12. 계란말이는 바로 썰면 잘 부서져요 한김 식히고 썰어주세요 ! 김발로 말아두거나 유리용기같은걸로 살짝 눌러두셔도 좋아요"
반찬류,멸치볶음,"멸치, 다진파 1/2뿌리, 다진마늘 1큰술, 통깨, 견과류, 간장 1.5큰술, 올리고당 4큰술, 설탕 1큰술, 마요네즈 1큰술 (듬뿍), 소주 1큰술 (or 맛술)","1. 멸치양은 요정도 준비 해 봤어요~ 시장에서 한봉지 산 양!!
2. 먼저, 마른팬을 달궈 기름을 두르지않고 중간불에 멸치를 휘리릭~ 볶아줍니다.타지않게 골고루 볶아주세요~! 견과류를 넣고 싶다면 요때 같이 볶아주시면되요! 비린내가 나지않게 하면서 바삭한 멸치볶음을 만드는 과정이랍니다~
3. 멸치가 약간 노릇~하게 될때까지 잘 볶아주시면 되요
4. 이렇게 한번 덖어내면 맛있는 멸치볶음이 만들어진답니다^^
5. 한번 덖어낸 멸치는 잠시 다른그릇에 옮겨놓고~~
6. 재료준비를 해 주어요~ 파는 다져서 준비 해 주고~매콤한맛을 좋아하신다면 청양고추도 송송썰어 준비 해 주시면 되요~ 멸치볶음 양념은, 분량의 간장와 올리고당, 설탕을 넣어 섞어 만들어 주어요.소주나 맛술이 있으면 한큰술 넣어줘도 좋구요~
7. 달군팬에 기름을 넉넉히 두르고~
8. 다진마늘 1큰술을 넣어 볶아줍니다. 불을 좀 줄여서 볶아야 타지 않겠죠​??
9. 그리고 다진파도 투입! 마이쏭은 그냥 송송 썰어준 파를 투척! 파향이 잘 우러나게 볶아주세요.​
10. 이제! 마늘과 파를 이용한 파기름에, 멸치를 넣어 함께 볶아줍니다
11. 멸치를 기름에 코팅시켜준다~ 생각하시구​, 골고루 볶아주시면 되요~
12. 그 다음엔~ 소스 투척!!! 소스를 넣으면 늘러붙기도 하고 탈 수 있으니 요때 불은 off 해 두는걸로!! 소스가 골고루 묻게 잘 뒤적여준 다음!!
13. 오늘 멸치볶음의 하이라이트!
14. 마요네즈를 한큰술 듬~뿍 넣어 줍니다! 진미채볶음 할때도 그렇고~ 요 마요네즈는 신의 한수! 더 부드럽고~ 한층 고소한 맛을 느낄 수 있으실꺼에요!!
15. 마무으리! 로 꼬소~한 통깨 팍팍!! 뿌려주면!!!
16. 건강하고 맛있는 멸치볶음이 완성된답니다.
17. 마이쏭은 멸치볶음 만들어, 도시락메뉴로 와따! 인 멸치주먹밥을 만들어 먹기도 해요~ 가위로 잘게 썰은 멸치를 밥에 넣고, 간장, 참기름, 설탕조금, 깨소금, 김가루 넣고 조물조물~해서 동그랗게 뭉쳐~ 간단! 하게 만든 주먹밥도 참 별미랍니다!!"
반찬류,감자조림,"감자 3개, 당근 1/2개, 양파 1개, 통마늘 5개, 검은깨 조금, 통깨 조금, 진간장 5T, 설탕 3T, 올리고당 1T, 물 2종이컵, 참기름 1T","1. 감자를 먹기 좋은 크기로 썰어 올리브유 두른팬에 잘볶아주세요.
2. 감자가 어느정도 익으면 당근도 넣고 볶아주세요.
3. 그리고 준비한 양념장과 물 두컵을 넣고 15분정도 약불로 조려주세요.
4. 그리고 조리기 시작하며 양파를 넣어주세요. 너무 일찍 넣으면 흐트러지네요~
5. 마지막으로 통마늘을 넣어 주세요. 다진마늘은 웬지 텁텁해보이고 해서 통마늘로 넣어주니 몸에 좋은 마늘도 함께 즐길수 있고 조림장이 더 깔끔하고 좋아요."
반찬류,콩자반,"검은콩 250g , 콩 불린물 150ml, 간장 5스푼, 카놀라유 1스푼, 설탕 2스푼, 올리고당 2스푼, 통깨 약간","1. 콩 250g을 3번 정도 세척한 뒤 콩이 잠길 정도의 물을 넣고 1시간 정도 불려줍니다.
2. 불린 콩을 냄비에 넣고 불린 물을 150ml를 부어 자작하게 만들어줍니다.
3. 간장 5스푼을 넣어줍니다.
4. 카놀라유 1스푼을 넣어줍니다.
5. 설탕 2큰술을 넣어줍니다.
6. 보글보글 끓여주다가 물이 어느정도 졸으면 약불로 줄여 끓여주세요.
7. 이 정도까지 졸여지면
8. 올리고당 2스푼 정도 넣어서 단맛을 조절해줍니다.
9. 통깨를 넣어 마무리!
10. 콩불리는 시간이 오래 걸려서 그렇지 콩자반레시피는 정말 쉬워요!!
11. 서리태를 오래 불려서 만든거라 씹는 식감도 좋고 짭쪼롬하면서 달달하기까지해 간도 아주 굿!!"
반찬류,오이무침,"오이 2개, 양파 1/2개, 고추장 1T, 고춧가루 1T, 설탕 1T, 올리고당 1T, 다진마늘 1/2T, 간장 1T, 식초 1.5T, 참기름 1T, 통깨 1T","1. 오이는 동글동글 모양살려 썰어 소금에 잠시 절여 둡니다
2. 절인다기 보다는 양념 준비하는 동안 잠시 소금에 절인다 생각하면 됩니다
3. 고추장(1T), 고춧가루(1T), 설탕(1T), 올리고당(1T) 다진마늘(1/2T), 간장(1T), 식초(1.5T), 참기름(1T), 통깨(1T) 섞어 양념장 만들어요
4. 물기 꼭 짜 주고
5. 슬라이스한 양파도 넣어요
6. 준비한 양념장 넣고 무쳐 냅니다
7. 새콤달콤 맛있는 오이무침 완성입니다 수분을 꼭 짜고 무친 것이라 꼬들꼬들 아삭함이 좋은 오이무침 입니다 맛있어요 ㅎ"
반찬류,진미채볶음,"진미채 180g, 마요네즈 2T, 고추장 2T, 고춧가루 1T, 간장 1.5T, 다진마늘 1/2T, 참기름 1T, 설탕 1T, 올리고당 1.5T, 깨소금 0.5T","1. 진미채는 물에 두번 씻어서 물기를 빼주세요
2. 마요네즈 2스푼정도 넣고 (저는 한번에 듬뿍 ~)
3. 버무려서 잠시 두고
4. 양념장:간장1.5스푼,고추장두스푼,고춧가루한스푼,설탕한스푼,다진마늘반스푼,참기름한스푼넣고 섞어서
5. 기름 살짝 두른팬에 양념장을 넣고 물4스푼정도 넣어 한번 끓여 주세요(약불)
6. 끓어 오르면 진미채를 넣고 볶아주세요~
7. 양념을 뭍힌다는 생각으로 후다닥 볶아서
8. 마지막으로 올리고당 1.5스푼 넣고 깨소금 뿌리면 끝이에욤^~^"
반찬류,애호박볶음,"애호박 1개, 양파 1/2개, 들기름 1스푼, 새우젓 1스푼, 다진마늘 1/2스푼, 통깨 약간","1. 깨끗이 씻은 애호박은 길게 자른 후 두께 약 0.5cm 정도 반달 모양으로 썰어 주시고요
2. 양파는 채썰어서 준비 하고요
3. 후라이팬에 들기름 두르고 양파와호박을 넣고 센불에서 볶아줍니다 (호박은 센불에 볶아야 색이   변하지 않고 녹색을 유지합니다)
4. 바로 새우젓과 갈은마늘도넣고 볶아도 호박은 금방익고 아삭한 맛이 살아 나며 고소 하지요
5. 예쁜 녹색을 식탁까지 유지하려면 볶은호박을 넓은접시나 쟁반에 얇게펴서 시원한곳에서 식혀주세요 후라이팬에 오래두면 색이 바로 변해 버립니다
6. 통깨솔솔 뿌리면 애호박볶음이 완성됩니다^^"
반찬류,두부조림,"두부 1모, 양파 1/2개, 파 1/2대, 식용유 1/2큰술, 들기름 1큰술, 물 100ml, 간장 4큰술, 고춧가루 2큰술, 굴소스 1/2큰술, 다진 마늘 1큰술, 설탕 1큰술, 깨 1큰술, 참기름 1큰술","1. 두부는 체에 받쳐 물기를 빼주세요
2. 양파는 얇게 썰어주시고 파는 송송 썰어둡니다
3. 양념장도 만들어주세요
4. 두부도 먹기 좋게 썰어주세요
5. 식용류 1/2 큰 술, 들기름 1 큰 술를 두룬 팬에 두부를 구워주세요 양면을 다 구워주시면 됩니다 1분정도씩 부들부들하게 구워요
6. 두부가 구워졌다면 야채와 양념장을 올리고 5분더 끓여주세요
7. 이제 뚜껑을 덮고 1분 더 끓여줍니다
8. 너무 간단하게 완성이죠~^^"
반찬류,무생채,"무 600g, 고춧가루 2큰술, 다진 마늘 1큰술, 설탕 1큰술, 오미자청 1큰술 (또는 매실청), 식초 2큰술, 액젓 2큰술, 소금 적당량, 통깨 적당량, 송송 썬 대파 1종이컵","1. 먼저 무는 깨끗이 씻은 후 가늘게 채 썰어주세요. *최대한 가늘게 채 썰어주셔야 양념이 잘 배고요. 무 껍질은 벗기셔도 되고 안 벗기셔도 됩니다 :)
2. 고춧가루 2 큰 술을 넣고 바락바락 문질러 무를 빨갛게 물들여주세요.
3. 다진 마늘 1 큰 술, 설탕 1 큰 술, 오미자청(또는 매실청) 1 큰 술, 식초 2 큰 술을 넣어주시고요.
4. 이어서 액젓 2 큰 술, 소금 적당량을 넣고 조물조물 무쳐 맛을 봐주세요. 약간 싱거우시면 소금을 더 넣어주시고요. 새콤한 맛을 더 느끼고 싶으신 분들은 식초를 조금 더 넣어주세요 :) 마지막으로 통깨와 송송 썬 대파를 넣고 가볍게 섞어주기만 하면 무생채 만드는 법, 끝 ~♩"
반찬류,고등어조림,"고등어 2마리, 무, 양파, 대파, 청양고추, 설탕 1큰술, 다진마늘 1.5큰술 , 다진생강 1/3큰술, 된장 1/2~1큰술, 진간장 1/3컵, 들기름 2큰술, 고추가루 3큰술","1. 고등어는 내장을 제거하시고  핏물이 남지 않도록 깨끗이 씻어 준비합니다~
2. 냄비의 바닥에 무를 잘라 깔아주시고 그 위에 깨끗이 씻은 고등어를 올려주세요~
3. 양파는 굵게 채썰고  대파는 길이로 썰어 줍니다~ 어슷 썬 청양고추와 함께 고등어가 덮힐 정도로 듬뿍 올려주세요~
4. 고등어가 반쯤 잠길정도의 물을 붓고 설탕 1큰술을 넣어주신 다음 다진마늘 1+1/2큰술, 다진생강 1/3큰술을 넣어줍니다~
5. 된장 1/2큰술 또는 1큰술을 넣어주시고요~
6. 진간장 1/3컵을 넣어줍니다~
7. 들기름 2큰술을 넣어주시는 것이  백종원 고등어조림의 비린내잡는 포인트중 하나이네요^^
8. 고추가루 2~3큰술을 듬뿍 올려 색을 내줍니다~
9. 무를 얇팍하게 썰어 고등어조림 위에 올려 뚜껑을 대신해주세요~ 팔팔 끓기 시작하면 불을 줄이시고  무가 푹 무를수 있도록 20여분 정도 더 졸여줍니다~"
반찬류,연근조림,"연근 2개 (800g), 식초 3T, 소금 1/2T, 물 500cc, 간장 20T, 설탕 15T, 물엿 10T, 깨 약간","1. 감자 칼로 연근의 껍질을 벗겨주세요.
2. 그리고 적당한 두께로 잘라주세요. 자르시고 물에 한번 깨끗이 씻어주세요.
3. 냄비에 연근을 넣고 식초 3T를 넣어줍니다. 식초를 넣는 이유는 연근의 아린맛을 없애주려고 넣어요. 소금 1/2T도 넣고 연근이 반쯤 익을때까지 삶아줍니다.
4. 연근을 식초 넣고 한번 삶아주면 조릴 때 더 편하겠죠? 체에 받쳐 물만 버려주세요.
5. 물 600cc, 간장 20T, 설탕 15T, 물엿 10T, 깨를 넣고 양념장을 만들어주세요. 20큰술 이라니깐 많아 보이죠? 숟가락으로 넣다보면 안많아요!^^ *대용량 주의*
6. 냄비에 연근과 양념장을 넣고 센불에서 끓이시다가 어느 정도 물이 졸아 들면 중불로 바꾸시고 졸여주시면 됩니다.
7. 거의 다 졸아 들때쯤 마무리로 물엿 한큰술 넣어주시면 윤기 좌르르~~~ 깨도 한번 더~!! 완성!!
8. 아작 아작 달콤 짭쪼름~~ 너무 좋아 연근 조림♡ 단짠 단짠 단짠! 진리입니다!"
반찬류,미역줄기볶음,"염장 미역줄기 1팩 (300g), 당근 1/6개, 양파(중) 1/3개, 식용유 2큰술, 다진마늘 1큰술, 국간장 1/2큰술, 참기름 1큰술, 깨 1/2큰술","1. 염장 미역줄기는 흐르는 물에 3-4번 정도 씻은 후 찬물에 15분간 담가 소금기를 빼주세요.
2. 미역줄기는 물기를 꼭 짠 뒤 한입 크기(4cm)로 썰어주세요.
3. 양파와 당근은 채 썰어주세요.
4. 팬에 식용유를 두르고 중불에서 다진마늘 1큰술을 볶아주세요.
5. 향이 올라오면 강불로 올려 채썬 양파와 당근을 넣고 1분간 볶아주세요.
6. 미역줄기를 넣고 1분, 국간장 1/2큰술을 넣고 3분 볶아주세요.
7. 참기름 1큰술과 깨 1/2큰술을 넣어 30초간 더 볶아주면 완성이에요."
반찬류,마늘쫑볶음,"마늘쫑 1묶음, 볶은깨 톡톡, 식용유 2T, 간장 3T, 올리고당 1.5T, 맛술 2T, 소금 약간, 참기름 1T","1. 먹기좋게 자른 마늘종을 깨끗이 씻어 물기를 빼주세요.
2. 볶음팬에 식용유를  두룬뒤 중불에서 볶을게요.
3. 소금을 약간 넣고 마늘종겉면이 익을정도로 볶을게요.
4. 약간 익었다싶을때 간장 3T를넣고 잠시볶다가,
5. 올리고당을 넣고 볶아볶아 ㅎㅎ 센불은탈수있으니 중불이나 중약불에.
6. 그리고나서 맛술을(미림) 2T넣고 저어서 ,
7. 뚜껑을 닫고 2분정도만 끓여줄게요 부드러워져라~
8. 시간이됬으니 불을끄고 참기름1T를 넣고 골고루 섞어서 그릇에담아주세요.
9. 전바로 반찬통에 담았어요 깨 톡톡 뿌려서  맛있게 식사합시다!"
반찬류,버섯볶음,"느타리버섯 1팩, 굴소스 2T, 후추 약간, 깨소금 약간, 참기름 2T","1. 달구어진 후라이팬에 참기름을 둘러줍니다.
2. 느타리버섯을 찢어서 넣어줍니다.
3. 후추와 굴소스를 넣고 볶아줍니다.
4. 다 볶아지면 위에 깨소금을 솔솔 뿌려줍니다."
반찬류,깻잎장아찌,"물 1.5종이컵, 진간장 1종이컵, 매실청 0.5종이컵, 설탕 0.3종이컵, 식초 0.3종이컵, 깻잎 30장, 식초 1숟갈 (세척)","1. 깻잎 식초물에 5분가량 담구어 흐르는물에 헹궈줍니다.
2. 물 1.5컵, 진간장 1컵, 매실청 0.5컵, 설탕 0.3컵, 식초 0.3컵 쎈불로 끓여주세요. 완전 보글보글 거리면 열김을 식혀주세요.
3. 깻잎을 먹기좋게 가위로 반틈 잘라주었어요^^  한장은 늘 크다고 느낄때도 있어서 먹기좋게 잘라 반찬통에 담아보았어요!
4. 식은 간장을 부어 냉장보관 해주시고, 3일 뒤에 고기와 먹으면 된답니다^^  더 오래 보관하고 싶으시면 중간에 간장을 한 번더 끓여주시고 양파를 넣어주면 양파장아찌랍니다❤️
5. 삼겹살과 깻잎장아찌 환상궁합❤️ 깻잎 한번 사면 양이 많아 항상 남고, 빨리 시들해져서 아까웠는데 이렇게 간단 깻잎장아찌로 삼겹구이를 더욱더 맛있게 즐겼네요^^!"
반찬류,파래무침,"파래 1덩어리, 채썬 무 1줌, 국간장 1.5T, 다진마늘 1T, 식초 1.5T, 설탕 1.5T, 소금 1/5T, 다진파 4cm","1. 채썬무(한줌정도)는 소금반스푼 넣어 절여 주세요~  (저는 파래만 쏙쏙 골라먹는 가족님때문에 얇게 썰었지만 조금더 굵게 썰어 주세요^^)
2. 파래는 물에 팍팍 씻어 주셔요^~^
3. 씻은 파래는 물기를 꼭~~~짜서 가위로 먹기 좋게 썰어주세요~ (파래가 초록초록하니 너무 싱싱하죠^^ 검은색으로 변한 파래는 비린내가 날수 있으니 초록초록 하신걸로 고르셔요^^)
4. (파래 한덩어리 기준) 절인무를 물에 씻어 물기를 꼭짜서 넣고 국간장 한스푼반, 마늘 한스푼,식초한스푼반, 설탕한스푼반,다진파약간 넣어 주시고 모지란간은 소금을 넣어 주세요^^ (대파는 생략가능 합니다)
5. 물기가 없는 상태에서 무치는 거라 무치면서 중간에 한번씩 요렇게 살짝 누르면 간이 골고루 잘베입니다^~^
6. 마지막으로 깨소금 솔솔뿌리심 새콤달콤 파래무침 완성 입니당 ^~^ (시간이 지나면 물기가 조금씩 생겨요~ 무칠때 요렇게 물기 없이 무쳐내면 비리지 않고 맛있어용^~^)"
반찬류,가지볶음,"가지 2개, 고추 1개, 양파 1/4개, 대파 1대, 참기름 1큰술, 통깨 0.5큰술, 간장 2큰술, 굴소스 1큰술, 설탕 1큰술, 다진마늘 0.5큰술, 고추가루 0.5큰술","1. 먼저 가지를 먹기좋게 썰어주어요,저처럼 동글하게 썰어도 좋고, 손가락 만하게 썰어도 OK!
2. 양파는 채썰고, 파와 고추는 너무 얇지않게 쫑쫑~ 썰어주세요.  ​
3. 분량의 양념장을 만들어 주세요.
4. 넉넉하게 기름을 두른 팬에 파를 먼저 넣고 볶아서 파향을 내어 주면 볶음의 풍미가 훨씬 좋아진답니다.
5. 파가 노릇해질때 가지와 양파를 넣고 계속 볶아주어요.  ​
6. 가지가 어느정도 익으면 양념장을 넣고 양념이 잘 베이도록 볶아줍니다.
7. 완성무렵에 참기름 1큰술 휘리릭~ 둘러주고요, 고추도 넣어줍니다. 지금 고추를 넣으면 씹히는 맛이 있어 좋더라구요.
8. 마지막으로 통깨 0.5큰술 톡톡톡~ 완성입니다 : )
9. 가지는 호불호가 있는 채소인데 이렇게 맛있게 볶는다면 아마도 모든분들이 만족하며 드실 수 있으실 거에요 : D"
반찬류,어묵볶음,"사각어묵 3장, 양파 1/2개, 당근 약간, 참깨, 식용유, 고춧가루 1큰술, 간장 1큰술, 참기름 1작은술, 굴소스 1큰술, 올리고당 1.5큰술 , 다진마늘 1작은술","1. 분량의 볶음양념을 먼저 만들어 주세요.
2. 사각어묵은 끓는 물에 살짝 데칙나 혹은 뜨거운 물을 부어 불순물을 제거한 후에 썰어줍니다.
3. 양파와 당근도 채썰어 준비해주시구요.
4. 달궈진 팬에 기름을 두른 후 어묵을 넣고 살짝 볶다가 양파와 당근을 넣어 볶아줍니다.
5. 여기에 미리 만들어둔 매콤한 볶음양념장을 넣고 볶아주세요.
6. 마지막으로 참깨를 뿌려 마무리 해주세요."
반찬류,브로콜리나물,"브로콜리 1개 (280g), 두부 1/3모, 맛살 4개 (긴건2개), 맛소금 1/3큰술, 참기름 2큰술, 깨소금 1큰술, 설탕 1작은술, 통깨 적당량","1. 단촐한 재료~ 하지만 영양가는 매우 높은 재료이고 맛살이 들어가 아이들도 아주 잘 먹을거에요.
2. 브로콜리는 작은 크기로 잘라 주세요. 초장에 찍어먹는 크기보다 작게 자르면 됩니다.  ​
3. 끓는물에 브로콜리를 넣고 소금 2꼬집 넣고 약 1분내외로 삶아낸 후 찬물에 헹구어 냅니다. 물기는 쪼옥~ 빼 주세요.  ​
4. 두부는 1/3모 이하로 넣어요. 많이 넣으면 주객이 전도됩니다. 두부는 꼬옥 짜서 물기 뺀 후 으깨고, 맛살은 두께감있게 채 썹니다.
5. 맛소금 1/3큰술, 참기름 2큰술,  ​   ​
6. 깨소금 1큰술, 설탕 1작은 술을 넣고요,  ​
7. 잘 버무려 주면 생각보다 더 맛있는 맛에 놀라는!! 브로콜리 무침 완성입니다.
8. 어른도 아이들도 모두 잘~ 먹는 맛있는 브로콜리 맛살 두부무침! 맛있게 드세요~
9. 두부빼고 힘있는 맛살만 쓰면 이러한 비쥬얼 :)"
건강식/다이어트,닭가슴살샐러드,"닭가슴살 300g, 양파 1개, 로메인 1통, 라디치오 1/4통, 방울토마토 5개, 이태리파슬리 약간, 우유 1/2컵, 올리브유 약간, 올리브유 2큰술, 맛술 1큰술, 머스터드 1/2큰술, 다진마늘 1/2큰술, 소금 약간, 후추 약간, 로즈마리 (생략가능), 올리브유 3큰술, 간장 2큰술, 식초 2큰술, 다진양파 2큰술, 설탕 1큰술, 참기름 1/2큰술, 다진마늘 1작은술, 소금 약간, 후추 약간","1. 재료를 준비해주세요. 닭가슴살은 우유에 10분 정도 담가두었다가 건져 낸 후, 물에 헹궈 물기를 제거하고 밑간 재료에 10분간 재워주세요.
2. 로메인과 라디치오는 먹기 좋은 크기로 자르고, 찬물에 담갔다가 물기를 제거해주세요. 그리고 방울토마토와 양파는 얇은 링으로 썰어주세요.
3. 볼에 드레싱 재료를 넣고 섞어주세요.
4. 달군 팬에 약간의 올리브유를 두르고 닭가슴살의 표면을 노릇하게 구워주세요.
5. 그리고 약불로 줄이고 뚜껑을 닫아 10~12분 정도 은근히 구워 속까지 익혀주세요.
6. 접시에 잎채소를 담고, 구워놓은 닭가슴살을 올린 후 드레싱을 뿌려주세요."
건강식/다이어트,두부샐러드,"양상치, 양배추, 당근, 무순, 견과류, 간장 3, 설탕 3, 식초 3, 올리브유 3, 굴소스 2, 참기름 2, 청주 2, 다진마늘 2큰술","1. 오리엔탈드레싱 재료들을 모두 넣어 골고루 섞어 줍니다. 냉장고에 넣어 시원하게 해서 드시면 더욱 좋아요. 시판을 사용하셔도 좋구요, 이렇게 넉넉히 만들어 냉장고에 두고 수시로 드셔도 좋답니다.
2. 양상추는 한입 크기로 뜯어서 무순과 함께 씻어 건져 물기를 빼 줍니다. 얼음물에 씻어 건지면 더욱 싱싱한 양상추 맛을 볼 수 있어요.
3. 양파는 채를 썰어서 찬물에 담궈 매운기를 빼 줍니다. 당근은 채를 썰어 줍니다.
4. 두부는 2등분 후 키친타올로 물기를 걷어 준 후 다시 3등분 하여 먹기 좋게 한입 크기로 썰어 줍니다.
5. 중불로 달군 팬에 기름을 두르고 두부를 앞뒤로 노롯노릇 부쳐 줍니다.
6. 야채들을 섞어서 접시에 깔아주고 부친 두부를 올리고 견과류를 흩뿌려서 오리엔탈드레싱을 따로 곁들여 내어 주면 되는 두부샐러드 랍니다, 드레싱은 따로 내어 먹기 직전에 뿌려 드시면 된답니다."
건강식/다이어트,오트밀죽,"오트밀 50g, 생수 250g, 우유 250g, 계란 2개, 대파 1큰술 , 김가루 약간, 국간장 1/2큰술 , 후추 약간, 오트밀 60g, 생수 250ml, 우유 250ml","1. 싸리재 오트밀 50g
2. 냄비에 생수250g을 부어 줍니다.
3. 우유 250g을 계량합니다.
4. 계란 2개도 준비합니다.
5. 생수 250ml를 냄비에 붓고 오트밀 50g도 넣어 줍니다.
6. 1.에 우유 250ml를 넣고 같이 저어주며 끓입니다.
7. 국 간장 1/2 큰 술을 넣고 저어 줍니다.
8. 계란 2개를 넣고 골고루 저어 주면서 끓입니다.
9. 개인 취향에 따라 소금과 후추를 약간 뿌려 간을 맞추어 줍니다.
10. 그릇에 옮겨 담고 썰어 둔 대파와 김 가루를 올려 냅니다.
11. 계란을 넣지 않고 싸리재 오트밀과 우유 등를 넣고 끓이면, 단백하고 고소한 우유 오트밀죽이 됩니다."
건강식/다이어트,현미밥,"현미 5컵, 물 5.5컵, 소금 1작은술","1. 현미를 준비합니다.
2. 쌀함지박에 현미 5컵을 붓고 물을 부어 일반 쌀 씻듯이 손으로 바락바락 씻어줍니다. 맑은 물이 나올 때까지 서너번 세척해줍니다.
3. 물을 부어 이대로 10시간 정도 불려줍니다.
4. 더운 여름철에는 밀폐용기에 물과 함께 넣고 뚜껑을 닫아서 냉장고에서 불리는 것이 안전하답니다.
5. 압력 밭솥에 불린 현미를 넣어주고 물을 5컵반을 부어줍니다. 여기에 소금 1작은술을 넣어줍니다. 소금을 넣어주면 감칠맛이 나서 맛이 좋아진답니다. 압력밥솥인 경우는 물을 적게 넣지만 일반 전기밥솥이나 냄비에 밥을 지을 때는 물을 더 넣어주어야 하고요. 그리고 현미밥을 잘 짓는 포인트는 충분히 불리는 것이랍니다.
6. 잡곡에 넣고 현미밥을 하였습니다.
7. 100% 현미밥이 완성되었는데요. 처음 먹는 분들은 일반 쌀이나 찹쌀을 섞어서 만들다가 점점 현미를 많이 넣는 것도 적응하기 좋답니다."
건강식/다이어트,닭가슴살스테이크,"닭가슴살 2개, 애호박 소량, 양파 1/4개, 양송이버섯 1개, 스테이크소스 1/2컵, 물 1/2컵, 케챱 2큰술, 올리고당 1큰술, 다진마늘 1큰술, 다진양파 2큰술","1. 우선 스테이크소스를 종이컵기준 반컵, 케첩2큰술 넣어주고
2. 올리고당 1큰술, 다진마늘 1큰술, 다진양파 2큰술, 물반컵 넣어 섞어 소스를 만들어 주세요
3. 애호박과 양송이 버섯은 먹기좋은 두께로 편썰어주고, 양파 1/4는 채썰어준비해 주세요
4. 닭가슴살 2덩이는 앞뒤로 칼집을 내어주는데요, 간이 안되어 있는 닭가슴살이라면 소금과 후추로 밑간을 해주세요
5. 팬에 식용유를 두르고 편썰어놓은 애호박과 양송이 버섯을 앞뒤로 고루 익혀 주는데 소금을 살짝 뿌려 간을 아주 살짝 해주세요
6. 익은 애호박과 양송이버섯은 건져 접시에 옮겨담고, 닭가슴살을 올리고
7. 채썬 양파도 같이 올리고 가볍게 구워주다가 미리 만들어 놓은 소스도 부어 주세요 중약불로 졸여주면서 닭가슴살을 앞뒤로 잘 구워주면되는데요
8. 어느정도 소스가 되직해질때까지만 구워주면됩니다^^
9. 접시에 닭가슴살을 올리고, 팬에 있는 소스를 위에 듬뿍 올려 놔 주세요
10. 취향따라 반숙 계란후라이도 올려주면 굳!♥"
건강식/다이어트,연어샐러드,"야채 , 연어, 레몬청 3t, 마요네즈 6, 요거트 3, 양파 1/4","1. 오늘 만들 음식은 연어에요!  연어는 단백질과몸에 좋은 지방이 많아서 고혈압, 동맥경화, 심장병, 뇌졸증 등 혈관 질환을 예방해주는 좋은 생선이에요
2. 소스를 만들어볼 거에요  마요네즈: 요거트 비율을 2:1로 넣어주세요  저는 간편하게 레몬청을 사용하였지만, 레몬청이 없으신 분들은 레몬즙+꿀로 대체 가능합니다
3. 양파 작은 것 반개 (혹은 큰 사이즈일경우 1/4를 넣어주세요)
4. 연어와 함께 곁드릴 좋아하는 야채라고 했지만  저는 꽃상추를 구매했어요 (원래 양상추를 사러갔는데.. 어찌 이리 예쁜지.. ♡)
5. 생연어 진공포장으로 괜찮은 업체가 많아서 저도 여러 업체들을 다양하게 주문하며 비교해보고 있어요 :)  잘라서 시킬 수도 있지만 전 주로 통연어로 구매합니다. 연어를 자를때는 결 반대발향으로 예쁘게 썰려요
6. 샐러드를 더 예쁘게 하기 위해 블랙올리브를 올렸습니다. 없으시면 패쓰하셔도 되요
7. 아까 마요네즈와 요거트의 비율이 2:1로 마요네즈가 많이 들어갔지만 함께 먹을때는 레몬때문에 상큼하고 가벼운 느낍입니다"
건강식/다이어트,곤약볶음밥,"김치, 스팸, 밥, 굴소스 1.5큰술 , 올리고당 1.5큰술 , 고추장 1큰술, 맛술 1작은술, 참기름 1큰술, 후춧가루 약간","1. 양념을 분량대로 섞어주세요
2. 김치도 꺼내고 스팸도 먹기 좋은 크기로 썰어주었어요.
3. 달궈진 팬에 기름을 살짝만 둘러 햄을 넣고 먼저 튀겨내듯 볶아주세요.
4. 그리고 기름 1작은술을 더 두른 후 김치를 넣어 중불에서 달달 볶아주세요.
5. 김치가 투명해지기 시작하면 밥을 넣은 후 미리 만들어두었던 비법양념장을 넣어 골고루 섞어가며 볶아주세요."
건강식/다이어트,아보카도샐러드,"게살 2봉지, 양상추 2잎, 사과 1/2개, 양파 1/2개, 파프리카 1/2개, 양배추 1/4개 , 아보카도 1개, 오리엔탈소스 조금","1. 게살2봉지, 양상추2잎, 사과 반개, 양파 반개, 파프리카 반개, 양배추 4/1개, 아보카도 1개, 오리엔탈소스 준비했어요~ 야채들은 먹기 좋게 채쳐주었어요~!!
2. 접시에 양상추 2잎을 먹기 좋게 잘라줍니다~!!
3. 양배추 4/1개 채친 것을 올려줍니다.
4. 파프리카 반개를 채쳐서 올려줍니다.
5. 양파 반개도 채쳐서 올려줍니다.
6. 사과 반개를 채쳐서 올려줍니다.
7. 게살 2봉을 손으로 찢어서 올려줍니다.
8. 아보카도 1개를 먹기 좋게 잘라 옆쪽에 놓아주었어요.
9. 오리엔탈소스를 뿌려주며 완성합니다."
건강식/다이어트,닭가슴살구이,"닭가슴살 300g, 소금 1/2t, 후추 약간, 청주 2T, 전분가루 3T, 설탕 1T, 물 1T, 식초 1/2T, 간장 1T, 고추장 1.5T, 후추 약간, 다진마늘 1T","1. 닭가슴살은 먹기좋게 어슷하게 썰어 소금, 후추, 청주로 밑간합니다  냉장고에 30분 숙성시켜요
2. 전분가루를 닭가슴살에 골고루 묻혀 달구어진 팬에올려 구워 줍니다, 노릇노릇~~  압력이 되는 양면팬 사용해서 구웠어요
3. 설탕, 물, 식초, 간장, 고추장, 후추넣고 소스 만들어 둡니다  팬에 소스부어 바글바글 끓으면 다진마늘을 넣고 잠시두었다가 불 꺼요  구워진 닭가슴살을 넣고 잘 섞어 마무리 합니다
4. 매콤한 닭가슴살구이 완성입니다"
건강식/다이어트,두부스테이크,"두부 1모, 계란 1개, 팽이버섯 1봉, 양파 1개, 당근 1/2개, 대파 1대, 전분 4T, 소금 1/3T, 후추 톡톡, 돈까스 소스 적당히 (or케찹)","1. 먼저 두부를 면보에 싸서 물기를 꽉 짜줍니다.
2. 야채들을 잘게 다져 줍니다.
3. 두부에 야채들을 섞어주신 뒤 계란1개와부침가루4T,소금1/3T,후추톡톡 뿌려 잘 섞어 줍니다.
4. 반죽을 양손으로 치대면서 동그랗게 모양을 만들어 준 뒤 겉면에 전분가루를 묻혀 줍니다.
5. 달궈진 후라이팬에 기름을 두르고 약불에서 익혀 줍니다
6. 접시에 담아내고 소스를 뿌려주시면 담백한 두부스테이크 완성입니다!한입 먹어보니 고기가 전혀 들어가지 않아도 담백하면서 참 맛있습니다!"
건강식/다이어트,샐러드랩,"잎채소 10장, 토마토 1개, 치즈 1장, 슬라이스햄 6장, 루꼴라 약간, 발사믹 1스푼","1. 토마토는 씻어서 슬라이스해줍니다.
2. 잎채소는 세척해서 물기를 제거해 주고 도마 위에 랩을 깔고 그 위에 넓게 펼쳐 올려 줍니다.
3. 잎채소 위로 치즈 1장, 슬라이스 햄 6장, 토마토, 루꼴라를 올려 줍니다.
4. 발사믹을 위로 뿌려주고 돌돌 말아 랩으로 고정시켜 줍니다.
5. 칼로 반 썰어주면 완성!  ​"
건강식/다이어트,병아리콩샐러드,"병아리콩 1컵, 올리브유 1T, 사과 1개, 올리브 7알","1. 먼저 병아리콩과 올리브유 올리브를 준비  그리고 저는 서브재료로 사과를 사용했는데 방울토마토나 오이로도 대체 가능!
2. 먼저 병아리콩을 씻어주고 반나절(8시간정도) 물어 불려준다 보통은 자기전에 불리고  다음날 일어나서 만든답
3. 나는 아침에 바쁘니까 샐러드에 넣어줄 사과도 미리 깍둑썰기로 썰어둠  갈변때문에 소금물에 살짝 담아두었다
4. 올리브도 썰어주고~~~~ 이렇게하면 재료 준비 끝 ! 파워 간단
5. 그리고 다음날 충분히 불린 병아리콩을 20-30분정도 삶아주고  미리 준비한 재료들과 섞어준다
6. 샐러드 소스 나는 바질페스토, 올리브유, 소금, 후추 이렇게만 넣어서 완성 !  소스는 취향에 따라 넣어주면 되고
7. 소스까지 뿌려서 잘 섞어준다음 먹을만큼 접시에 덜어 먹으면 끝  아침으로 간단히 챙겨 먹기도 좋고  은근 포만감 쩔어서 식사대용으로도 굿"
건강식/다이어트,닭가슴살샌드위치,"식빵 2장, 닭가슴살 1개, 계란 1개, 토마토 1개, 양상추 4~5장, 양파 1/4개, 하프 마요네즈 3큰술, 씨 머스타드 1큰술, 꿀 1큰술","1. 양상추는 꼭지를 자른 후  한 장 씩 뜯어 씻어주세요.
2. 양파는 채썰어줍니다.
3. 물에 20~30분 담궈 매운맛을 빼준 후 키친타올로 물기를 제거해주세요.
4. 토마토도 썰어주세요.
5. 닭가슴살을 데워주세요.
6. 데운 닭가슴살은 반으로 잘라 줍니다.
7. 씨머스타드.하프마요네즈.꿀을 넣고 소스를 만들어주세요.밀봉해서 냉장고에 넣어주면 일주일사용가능해요.
8. 계란후라이를 해주세요.
9. 렌지에 데운 닭가슴살을 살짝 구워 줍니다.
10. 랩을 넉넉하게 깔아준 후 식빵  2장을 올려주세요.
11. 양쪽에 소스를 발라주세요.
12. 양상추를 찢어서 올려주고 양파를 올려줍니다.
13. 토마토-닭가슴살을 올려주세요.
14. 빵을 덮어준 후 꾹 눌러 부피를 줄여 줍니다.
15. 가로로 랩을 싸주세요.
16. 세로로 돌려 한 번 더 랩으로 포장을 해줍니다.
17. 반을 잘라 맛있게 먹어주면 되요.
18. 닭가슴살과 채소가 가득 들어간 닭가슴살 샌드위치완성이에요.소스가 느끼하지 않고 너무 맛있어요.
19. 반개만 먹어도 든든하답니다. 다이어트 굶지말고 든든하게 먹으면서 해요^^"
건강식/다이어트,고구마샐러드,"고구마(중) 3개, 양파 1/2개, 당근 1/2개, 소금 약간, 후추 약간, 버터 1/2큰술, 마요네즈 1큰술, 머스터드 1/2큰술, 꿀 1작은술, 우유 1~2큰술","1. 고구마를 익히는 동안 양파과 당근을 잘게 다진 후 버터에 소금,후추 뿌려 볶아준다
2. 삶거나 찌거나 구워낸 고구마는 껍질을 벗기고 식기전에 으깬다
3. 볶은채소들을 합체시킨다
4. 고구마 양에 맞춰 소스를 넣어주는데 마요네즈와 머스터드 2대1비율로 넣어주면 맛있다  이때 꿀1작은술과 우유1큰술 정도를(이것도 고구마농도와 양에 맞춰 넣는다) 함께 넣어 섞어준다
5. 한끼 식사로, 밥반찬으로 내어도 좋다
6. 돈가스의 가니쉬로 내어도 좋다
7. 빵사이에 넣어 샌드위치를 만들어 먹어도 좋다"
건강식/다이어트,채소볶음밥,"프랑크소시지 3개, 노란파프리카 1/2개, 빨간파프리카 1/2개, 호박 1/3개, 느타리버섯 1/2팩, 연근 40g, 밥 1공기, 소금 약간, 밀가루 1/2컵, 빵가루 1컵, 달걀 1개, 참기름 1큰술, 식용유 1컵, 꼬치 3개, 케찹 취향껏, 머스터드소스 취향껏","1. 달군 팬에 기름을 두르고 호박, 파프리카, 연근, 버섯에 소금을 넣어 볶아줍니다.
2. 따뜻한 밥에 볶은 채소와 참기름을 넣어 섞어줍니다.
3. 소세지는 살짝 데치고 꼬치에 끼운 후 밀가루를 묻혀줍니다.
4. 밀가루 묻힌 소세지에 채소볶음밥을 감싸줍니다.
5. 채소볶음밥 위에 밀가루를 묻혀줍니다.
6. 달걀을 풀어 달걀물을 묻혀줍니다.
7. 빵가루를 뿌려 달걀옷에 입혀줍니다.
8. 후라이팬에 기름을 넉넉히 붓고 밥도그를 튀겨줍니다. 기름이 닿지 않는 곳은 숟가락으로 기름을 뿌려주며 익혀줍니다.
9. 기호에 따라 케찹과 머스터드소스를 뿌려줍니다."
건강식/다이어트,닭가슴살월남쌈,"라이스 페이퍼 1팩, 닭가슴살 100g, 홍피망 1/2개, 배 1/2개, 오이 1/2개, 숙주 200g, 깻잎 10장, 양파 1/2개, 당근 1/2개, 휘시소스 2T, 설탕 1.5T , 물 1.5T , 식초 1.5T , 홍고추 1개, 청양고추 2개, 마늘 1개, 레몬즙 1T, 땅콩소스 1T, 굴소스 1t, 애플국물 3~4T","1. 깻잎을 돌돌말아 채썰어줍니다
2. 배도 채썰어주세요
3. 당근을 채썰어줍니다 양파도 채썰어주세요
4. 오이는 소금에 씻고 5센치씩잘라서 껍질을돌려깍기해주세요 돌려깍기가 잘안되시는분들은반씩 돌려 깍으시면된답니다
5. 피망을 속에 하얀부분을제게한다음 끝머리를 잘라내면 모양이 이쁘게나옵니다 채썰어주세요
6. 통조림 파인애플은먹기좋은크기로 잘라줍니다
7. 청홍청량고추를 잘게 다져줍니다 마늘도 잘게 다져줍니다 같이 혼그릇에 넣고 월남쌈소스를만들어줍니다
8. 휘시소스는 없으면 멸치액적을 대신사용하셔도된답니다 한병에 대략 3천몇백원하는데요 월남쌈해드실땐요 소스가 제격이랍니다 .
9. 쟁반에 이쁘게 색색깔을잘맞춰서 놓아줍니다 돌아가며
10. 중앙엔 파인애플을 놓아줍니다
11. 닭가슴살을삼아줍니다
12. 닭가슴살을 잘게 찢어서줍니다
13. 파인애플놓아둔 옆으로 닭가슴살을돌려줍니다
14. 뜨거운물을 그릇에 담아서 라이스 패이퍼를 적셔서 앞접시에 놓아줍니다
15. 라이스 페이퍼에 모든재료를 올려줍니다
16. 휘시소스로 만든 소스를 커피스푼으로 한수저 떠서올려준다음
17. 위에껄먼저 덮으시고 양옆에껄당겨서 덮어주세요 마지막에 위에서부터 돌돌말아주시면된답니다
18. 팁하나 드리자면 닭가슴살은 물이 끓을때 넣어야해요 단백질이 응고되어 빠지지않으니깐요 끓기전에넣으면안되여 숙주도 물이 끓기전에 넣지마시고 물이 끓기시작하면 데쳐주세요"
건강식/다이어트,그릭요거트볼,"그릭요거트 3큰술, 냉동딸기 조금, 냉동블루베리 조금, 샤인머스켓 적당량, 크렌베리 적당량, 치아씨드 적당량, 플렉씨드 적당량","1. 그릭요거트 3큰술
2. 딸기를 썰어 올려 주세요
3. 블루베리를 올려 주세요
4. 샤인머스켓 올려 주세요
5. 크렌베리 올려 주세요
6. 치아씨드 적당히
7. 플렉씨드 적당히
8. 건강한 그릭요거트볼 완성! 맛있게 만들어 드세요"
건강식/다이어트,닭가슴살카레,"닭 가슴살 600g, 감자 1개, 당근 1/2개, 애호박 1/2개, 양파 1개, 카레가루 2컵, 물 3컵, 다진 마늘 2/3큰술 , 식용유 약간, 소금 1/3큰술 , 후춧가루 약간","1. 닭 가슴살은 한 입 크기로 썰어 소금과 후춧가루로 밑간을 해주세요.
2. 감자, 당근, 애호박, 양파는 사방 1.5cm 크기로 썰어주세요.
3. 식용유를 두른 팬에 양파와 다진 마늘 2/3 큰 술을 넣어 볶아주세요.
4. 양파의 가장자리가 반투명해지면 닭 가슴살과 감자, 당근, 애호박을 넣어 볶아주세요.
5. 감자가 2/3 정도 익으면 물 3컵을 부어주세요.
6. 보글보글 물이 끓으면 카레가루를 살살 뿌려주시며 덩어리지지 않도록 잘 풀어주세요.
7. 중간 불에서 뭉근하게 끓여주시면 완성!"
건강식/다이어트,채소스무디,"느타리버섯 1줌, 양파 1/2개, 애호박 1/4개, 청양고추 2개, 두부 1/4모, 물 1.5종이컵, 된장 2T, 진간장 1T, 고추가루 1.5T, 다진마늘 0.5T, 설탕 0.5티스푼, 소금 간맞추기 ","1. 물1.5종이컵에 된장,고추가루,다진마늘,설탕,간장을 한데넣고 한소끔 끓여줍니다.
2. 그사이 양파,버섯,애호박,청양고추,두부는 적당한 크기로 썰어줍니다.
3. 한소끔 끓은 된장물에 양파,버섯,애호박,청양고추,두부를 넣어 줍니다.
4. 애호박이 익을때까지 끓여주어 간을보아 부족한간은 소금으로 해주어 완성. 저는 부족한간이 없어 소금은 넣지 않았습니다."
퓨전류,김치볶음밥피자,"김치볶음밥, 달걀, 피자치즈, 식용유, 캔옥수수, 파프리카","1. 달걀을 푼 후 김치볶음밥을 넣어 고루 섞는다. 기호에 따라 달걀에 소금 약간 넣어주세요.
2. 달군 팬에 기름두르고 김치볶음밥 반죽을 고르게 펴 준다. 중약불을 유지하여 바삭하게 구워지면 뒤집고 팬 가장자리에 기름 약간을 다시 둘러준다.
3. 피자치즈를 올린 후 준비한 토핑재료들을 올리고 다시 피자치즈를 뿌려준다. 팬에 뚜껑을 덮어 피자치즈가 녹을 정도로만 가열 후 뚜껑을 열어 한김 날려주는 식으로 뭉근히 굽는다. 바닥면을 살짝 들어보아 바삭한 감이 느껴지면 팬 그대로 옮겨 맛있게 드세요. 접시에 옮기면 바닥면에 습기가 차 맛이 덜해진답니다~ 그래서 저는 촬영 후 다시 바삭하게 구워먹네요~
4. 요건 김치볶음밥 피자를 더 간단하게 즐길 수 있는 방법! 떠먹는 김치볶음밥 피자예요~ 밥에 피자치즈를 고루 섞어 내열용기에 담고 토핑재료 올린 후 피자치즈로 다시 마무리한다.
5. 전자렌지에 넣어 치즈가 녹을 정도로만 가열한다.
6. 완성~ 팬에 굽는 것과 달리 바삭함은 없지만 간편하게 즐기기엔 좋아요~"
퓨전류,불고기파스타,"스파게티면 1인분, 대파 1/2대, 다진 마늘 1숟가락, 올리브유 5숟가락, 소불고기 80g, 면수 5숟가락 (또는 물), 페페론치노 5개, 파마산치즈가루 약간, 파슬리가루 약간, 간장 3숟가락, 맛술 2숟가락, 설탕 1.5숟가락 ","1. 대파를 0.3cm로 채 썬다.
2. 양념장을 만든다.
3. 끓는물에 스파게티면을 7~8분 삶아 건진다.
4. 팬에 올리브유를 붓고 다진 마늘, 채썬 대파를 넣어 파기름을 낸다.
5. 불고기용 소고기를 넣고 중불에서 볶다가 베트남 고추는 손으로 반 잘라 넣는다.
6. 삶은 파스타면과 양념장, 면수를 넣고 섞어가며 볶는다.
7. 접시에 파스타면과 고기를 담고 파마산치즈가루와 파슬리가루를 뿌려 완성한다."
퓨전류,떡갈비버거,"시중 떡갈비 4장, 햄버거용 빵 4개, 슬라이스 치즈 4장, 토마토중 2개, 양파 1개, 양상추나 겨자잎 8장 (빵크기), 마요네즈, 허니머스터드소스","1. 햄버거용빵 준비
2. 들어갈 떡갈비와 채소 씻어 물기빼고 준비
3. 토마토는 둥글게 잘라 키친타월에 올려 물기를 뺀다.
4. 양파는 둥글게 썰어 찬물에 담그고
5. 햄버거용 빵은 안쪽만 살짝 구워주고, 팬에 올리브유를 두르고 떡갈비를 노릇하게 구워낸다.
6. 빵 안쪽면에 마요네즈를 바르고
7. 빵위에 양상추나 겨자잎 - 양파 - 떡갈비 - 치즈 - 토마토  순으로 올리고 머스터드를 뿌린다.
8. 완성!"
퓨전류,고추장파스타,"새송이버섯 1.5송이 , 양파 약간, 대파 약간, 올리브유 3큰술, 스파게티면 90g, 고추장 ﻿1/2큰술, 굴소스 1큰술, 올리고당 2/3큰술, 맛술 1작은술, 참기름 1큰술, 케찹 1작은술","1. 스파게티면은 2/3정도만 익도록 삶아 건져낸 후 헹구지 말고 체에 받쳐 올리브유 1큰술을 둘러 면이 서로 엉겨붙지 않도록 해주세요.
2. [고추장양념] 고추장 1/2큰술, 굴소스 1큰술, 올리고당 2/3큰술, 맛술 1작은술, 참기름 1큰술, 케찹 1작은술 분량의 고추장소스를 섞어 미리 준비해둡니다.
3. 이렇게~ ^^ 그럼 살짝 묽은 느낌이 들어요. 매운맛이 더 좋으시다면 고추장의 양을 늘려도 좋지만 딱 이정도의 양념이 적당히 매우면서 새콤하고 단맛이 나서 좋더라구요.
4. 새송이버섯과 양파, 대파는 사진처럼 먹기 좋은 크기로 썰어 주세요. 참고로 저는 길게 자른 것도 있고 네모지게 자른 버섯도 있어요. (새송이 버섯 뿐 아니라 표고버섯이나 느타리버섯도 좋아요^^)
5. 팬에 올리브유를 2큰술 두른 후 센불에서 새송이버섯과 양파를 넣고 볶아줍니다.
6. 양파가 투명해지고 버섯이 익고나면 삶아낸 파스타면을 넣은 후 중불에서 살짝 볶아줍니다.
7. 여기에 분량의 고추장양념을 넣고
8. 골고루 잘 섞이도록 볶아주세요. 마지막으로 대파를 넣어 마무리 합니다. 보통 토마토파스타나 크림파스타에 바질이나 파슬리가루를 넣지만 오늘의 요리는 고추장파스타잖아요^^ 고추장양념에는 역시 바질이나 파슬리보다는 대파나 쪽파, 깻잎 등이 더 잘 어울리죠^^
9. 그릇에 담아낸 후 집에서 놀고 있던 치즈가루를 뿌려주었답니다. 참고로 코코넛가루를 뿌려도 색다른 맛이 나 좋아요."
퓨전류,치즈떡볶이피자,"떡볶이 떡 3컵, 어묵 2장, 비엔나소세지 5개, 양파 1/3개, 모차렐라치즈 1컵, 물 300ml, 파 1대, 고춧가루 3스푼, 간장 2스푼, 올리고당 2스푼, 설탕 1스푼, 다진 마늘 1스푼, 미림 1스푼","1. 떡볶이에 들어갈 재료인 어묵, 양파, 소시지, 파를 먹기 좋은 크기로 썰어주고
2. 고춧가루 3, 간장 2, 올리고 당 2, 설탕 1, 다진 마늘 1, 미림 1
3. 팬에 물 300ml를 부어주고 물이 끓어오르면 준비해 놓은 떡을 넣어주세요.
4. 곧이어 만들어 놓은 양념장을 모두 넣고
5. 보글보글 5분 정도 끓여주세요.
6. 그리고 소시지, 어묵을 넣고 약불에서 은은하게 끓여줍니다.
7. 곧이어 양파, 대파도 넣고 국물이 자작 자작해질 때가지 조려주세요.
8. 떡볶이 국물 양은 드시는 분 취향껏 남겨주세요.
9. 그 위에 모차렐라치즈 1컵을 고루 올려주고 뚜껑을 덮어 치즈를 녹여주면 끝!
10. 치즈떡볶이 완성~"
퓨전류,불닭크림파스타,"닭다리살 500g, 우유 500ml, 파스타면(페투치니) 2인분, 베이컨 3~4장, 체다치즈 1장, 모짜렐라치즈 1줌, 양송이버섯 2개, 마늘 6개, 양파 1/4개, 청양고추 3개, 파슬리 가루 약간, 소금 1큰술, 고추장 1큰술, 간장 2큰술, 설탕 1/2큰술, 올리고당 1큰술, 고운 고춧가루 2큰술, 캡사이신 1/2큰술 (생략가능)","1. 닭다리살 500g을 깨끗이 씻어, 닭다리 살이 살짝 잠길만큼 우유를 붓고 30분 정도 재웁니다. 육질이 부드러워지고 잡내가 빠져요~
2. 불닭을 먼저 만들기 위해 마늘 3톨과 청양고추 2개를 썰어 준비해 주시고~
3. 고추장 1 큰 술, 간장 2 큰 술, 설탕 반 큰 술, 올리고당 1 큰 술, 고운 고춧가루 2 큰 술, 캡사이신 반 큰 술을 넣고 양념장을 만들어 주세요~
4. 우유에 재워놨던 닭다리를 한입 크기로 썰어 양념장에 버무립니다.
5. 팬에 기름을 두른 뒤 썰어놓은 마늘과 청양고추를 살짝 볶아주시고
6. 닭다리 살은 익히다 보면 육즙이 좀 새어 나올 거에요~ 국물이 졸을 때까지 슬슬 저어가며 익혀주면 불닭은 완성~
7. 이제 파스타 만들어야죠?ㅎ 양송이 2개, 양파 1/4개, 마늘 3톨, 청양고추 1개, 베이컨 3~4장을 먹기 좋게 썰어주세요
8. 페투치니 면 2인분과 소금 한 큰 술을 끓는 물에 넣어주세요~ 파스타 면 2인분은 500원 동전 넓이만큼 쥐어 2번 넣어주시면 됩니다.
9. 면을 끓는 물에 넣는 동시에 다른 팬에서 소스 만들 준비를 해주세요ㅎ 썰어놓은 마늘과 양파, 청양고추를 넣고 양파가 살짝 투명해질 때까지 볶아주세요
10. 양파가 살짝 투명해지면, 베이컨과 양송이를 넣고 1~2분 볶아주다가~
11. 면수 한 국자와 페투치니 면, 그리고 면이 살짝 잠길 만큼의 우유를 넣고 끓여주세요
12. 우유가 끓기 시작하면 체다치즈 1장과 모짜렐라 치즈 한 줌을 넣고, 살짝 걸쭉해질 때까지 우유를 졸여주시면 완성이에요
13. 다 익은 파스타를 그릇에 놓고,
14. 불닭을 올려주세유~ㅎ
15. 파슬리 가루 솔솔 뿌려주면 불닭크림파스타 완성!ㅎ"
퓨전류,김치나베,"돈까스 2장, 썬 배추김치 1cup, 썬 양파 1/2개, 송송 썬 대파 1/2대, 계란 2개, 식용유 약간, 물 2.5cup , 다진 마늘 2T, 설탕 1T, 고운 고춧가루 1T, 국간장 2T, 김칫국물 1/2cup","1. 양파는 채썰고 대파는 송송 썰어 준비한다.
2. 채 썬 양파는 물에 담가둔다.
3. 돈가스를 튀겨 썰어 놓는다.
4. 뚝배기에 기름을 살짝 두르고 양파와 대파를 볶아 기름을 낸다.
5. 기름을 냈으면 김치를 넣어 볶은 후 김칫국물과 물을 붓는다.
6. 보글보글 끓으면 다진 마늘, 국간장, 설탕, 고춧가루를 넣는다.
7. 국물이 조금 줄어들면 튀긴 돈가스를 올린다.
8. 계란물을 가장자리에 부어주고 썰어 놓은 대파를 뿌린다."
퓨전류,된장파스타,"토장 2큰술, 페투치네 2인분, 양송이버섯 3개, 애호박 1/4개, 양파 1/2개, 편마늘 2큰술, 올리브오일 4큰술, 꿀 2큰술, 소금 1작은술, 허브 가루 1큰술, 쥐똥고추 4개, 썬파 2큰술","1. 재료들은 간단합니다. 양송이버섯은 편으로 썰어 주시고 양파는 채썰어 준비하고요. 그리고 애호박도 반달모양으로 썰어서 준비합니다. 이번에 사용한 파스타면은 페투치네입니다. 면이 넙적한 면이지요. 꿀과 토장을 준비했어요. 토장의 향과 맛이 강하니까 꿀을 섞어 주려고요. 토장말고 집된장이나 그냥 된장을 사용하셔도 됩니다.
2. 통마늘을 편으로 썰어서는 올리브오일 두르고 볶아 줍니다.
3. 토장의 맛이 강하기 때문에 좀더 순화시켜 주려고 꿀을 넣어서 잘 섞어 줍니다.
4. 마늘을 볶은 후에는 썬파와 쥐똥고추를 넣고 볶아 줍니다. 조금은 매콤하고 칼칼한 맛의 파스타가 되겠지요.
5. 그렇게 향을 내 준 다음에는 애호박과 양파, 양송이버섯을 넣어 줍니다. 같이 달달 올리브오일에 볶아 주세요.
6. 허브가루를 넣어 주시고요. 토장소스가 들어가기 때문에 소금과 후추는 넣지 않았습니다.
7. 이제 토장소스를 넣어 줍니다. 잘 섞어가면서 볶아 주세요.
8. 옆에서는 물이 팔팔 끓고 있습니다. 면을 삶아주어야겠지요. 페투치네를 넣고 소금도 넣어 주시고는 팔팔 삶아 줍니다. 젓가락을 이용해서 뭉쳐지지 않도록 잘 저어 주세요. 파스타면을 드셔보시고 익었다고 생각이 드시면 바로 옆에 있는 소스에 투하하시면 됩니다.
9. 소스에 면수를 두국자 정도 넣어 줍니다. 그래야 간도 맞으면서도 간수에 있는 면의 전분으로 인해서 양념이 면에 착착 잘 감기게 됩니다.
10. 이제 페투치네를 넣어서 잘 섞어 줍니다. 조금 뻑뻑하다면 올리브오일을 추가해서 넣어서 볶아 주시면 됩니다. ​
11. 잘 섞어서는 된장색이 나도록 해주시는데 간이 잘 안맞는다 싶으시다면 된장이나 토장이 아닌 소금으로 해주시면 됩니다.
12. 완성접시에 면부터 돌돌 젓가락으로 말아서 올려 주시고요.
13. 소스에 넣었던 애호박이나 양송이버섯 등 소스를 끼얹어 줍니다. 그럼 크리스마스파티나 연말파티에 어울리는 색다른 토장파스타 완성입니다."
퓨전류,불고기타코,"또띠아 4개, 어린잎 채소 50g, 청양고추 1개, 양파 15개, 홍고추 1개, 체다치즈 50g, 돼지갈비양념 1.2cup, 핫소스 20g, 라임 2개, 고수 4개, 토마토 2개, 아보카도 1개, 불고기 200g","1. 불고기 200g과 양파 1개는 얇게 썰어 양념을 넣고 재워둔다
2. 홍고추 1개, 청양고추 1개, 고수 4줄기의 잎을 잘게 다지고
3. 씨를 뺀 토마토 2개와 양파 1/4개는 다져두고, 체다치즈 30g은 얇게 썰어준다
4. 준비해둔 야채와 라임즙 30g, 올리브 오일 20g, 소금, 후추, 핫 소스를 약간씩 넣어 토마토 살사 소스를 완성한 후
5. 아보카도 2개, 올리브 오일 20g, 라임즙 30g, 소금, 후추 약간씩, 다져둔 양파, 고수를 섞어 과카몰리를 만들고
6. 재워둔 불고기 300g을 2분간 볶아 익혀준다
7. 또띠아 2장은 기름 없는 팬에 살짝 구워 준비한 다음
8. 구운 또띠아 위에 불고기, 살사 소스, 과카몰리, 어린잎 채소, 체다치즈를 올려 반으로 접으면
9. 고소한 불고기 타코 완성!"
퓨전류,김치치즈스파게티,"스파게티면 1줌, 김치 적당량, 모짜렐라치즈 50g, 올리브유, 스파게티소스 (시판), 마늘파우더, 파슬리, 바질(드라이), 월계수잎 1장","1. 끓는 물에 스파게티 면을 삶아줍니다. 저는 입구가 넓은 냄비가 없는 관계로 작은 냄비에 그냥 삶았습니다. 9~10분쯤 삶아주면 되는데요. 끓기직전에 소금을 조금 넣어주세요. 그럼 간이 잘 밴답니다.
2. 다 삶아진 스파게티 면을 체에 받쳐 물기를 뺍니다,
3. 스파게티 삶은 물은 버리지 말고 두세요. 나중에 스파게티의 농도를 맞추거나 할 때 넣고 쓰면 아주 좋아요.
4. 올리브유를 두른 팬을 잘 달궈줍니다.
5. 잘게 썬 김장김치를 올리고 볶아주세요.
6. 김치가 노릇해지면 잘 볶아진 거예요. 그리고나서 시판 스파게티 소스를 밥숟가락으로 세 번 떠 넣습니다. 이제 다시 또 잘 볶아주세요.
7. 양념이 다 볶아졌으면 이제 삶은 스파게티면을 넣고 잘 섞어가며 볶아줍니다.
8. 볶는 도중에 양념이 좀 뻑뻑해지면 남겨두었던 스파게티 삶은 물을 한국자 떠 넣습니다. 이 물이 들어가면서 뻑뻑했던 스파게티 소스에 물기가 좀 생겨기게 됩니다.
9. 자~ 다 만들어졌네요.여기까지 그렇게 고난이도의 스킬이 필요없지요~ 잘 만들어진 스파게티를 그릇에 예쁘게 담아주세요.이 상태로 드셔도 전혀 손색이 없어요.
10. 하지만 저는 이 위에 모짜렐라 치즈를 뿌릴게요.이 치즈는 보편적으로 많이들 쓰시는 피자치즈예요. 이렇게 스파게티 위에 치즈를 올려준 다음, 전자렌지에 2정도 돌려주세요. 그리고 꺼내면 완성이지요~
11. 전자렌지에서 나온 스파게티에 토핑으로 파슬리와 바질을 조금씩 뿌리고 월계수잎을 한장 넣었어요. 저는 피클이랑 같이 곁들어 보았습니다. 그 어떤 스파게티보다도 소화잘되고 입에 잘 맞네요."
퓨전류,매운치킨퀘사디아,"또띠아 2장, 참치캔 1개, 치즈 취향껏, 양파 0.5개, 청양고추 1개, 토마토소스 4T","1. 참치캔, 햄, 양파, 치즈(취향대로), 토마토소스, 또띠아를 준비하고, 추가로 느끼함을 잡아주고 매콤함을 더해주기위해 청양고추도 준비합니다.
2. 또띠아 한쪽면에 토마토소스를 2T덜어 바르고 캔참치의 기름기를 최소화하여 올려줍니다
3. 그 위로 양파올리고
4. 햄올리고
5. 청양고추는 잘게썰어 고루 분포시켜 올리고 본인이 좋아하는 재료 더 추가합니다.
6. 다른 또띠아의 한면에도 토마토소스를 2T 발라줍니다
7. 기존에 재료쌓아올린 또띠아에 치즈를 듬뿍올리고
8. 덮어줍니다 그리고 이대로 전자렌지에서 2분 돌려주면
9. 끝
10. 치즈가 녹아있죠
11. 먹기좋게 잘라주고
12. 하나씩
13. 집어들어
14. 먹으면 기가 막히는 맛입니다♥"
퓨전류,불고기피자,"식빵 4개, 피망 1/2개, 불고기 냉동식품 1개, 모짜렐라치즈, 토마토소스(스파게티소스)","1. 먼저 식빵의 마주보는 두 면 자투리를 잘라주세요.
2. 그리고 비스듬한 대각선으로 잘라주세요.
3. 끝부분을 잘라냅니다.
4. 빵 자투리 부분을 제외하고 모두 눌러주세요.
5. 피망을 채썬 뒤 잘게 썰어주세요.
6. 떡갈비를 칼 등으로 으깨면서 잘라주세요.
7. 빵을 동그란 모양으로 접시에 펼쳐주세요.
8. 토마토 소스를 발라줍니다.
9. 치즈를 올린 뒤 토핑도 올려주세요.
10. 전자렌지에 3~5분!(치즈가 녹을 때까지)
11. 밑면은 다 붙으니 다시 썰어준 뒤 드세요!"
퓨전류,고구마피자,"강력분 200g, 설탕 10g, 소금 4g, 인스턴트드라이이스트 4g, 따뜻한 물 100g, 올리브유 15g, 피자소스 적당히, 양파(M) 1/2개, 스위트콘 2~3T, 찐 고구마(M) 1.5개 , 허니머스타드 적당히, 모차렐라 치즈 적당히, 파슬리가루 약간","1. [피자반죽] 볼에 모든 재료를 넣고 손이나 반죽기로 18분간 반죽해주세요(70~80% 정도만 반죽해주세요.).
2. 반죽이 마르지 않도록 랩을 씌운 다음 따뜻한 곳(40℃)에 50분간 1차 발효시켜주세요.
3. 찐 고구마는 사방 1cm 크기로 썰어주세요.
4. 양파도 사방 1cm 크기로 썰어주세요.
5. 1차 발효 후.
6. 반죽의 가스를 가볍게 빼고 2등분으로 나눠 둥글려주세요.
7. 랩을 덮어 15분간 중간 발효시켜주세요.
8. 중간 발효가 끝나면 반죽을 지름 22cm 크기로 동그랗게 밀어주세요.
9. 가장자리를 안쪽으로 접어주세요(꾹꾹 눌러 고정시켜주세요.).
10. 바닥에 포크로 구멍을 내주세요.
11. 안쪽에 피자소스를 적당히 펴 발라주세요.
12. 양파와 스위트콘을 듬성듬성 올려주세요.
13. 찐 고구마도 보기 좋게 올려주세요.
14. 허니머스타드를 짤주머니 또는 비닐팩에 넣고 지그재그 뿌려주세요.
15. 모차렐라 치즈를 적당히 뿌리고 파슬리가루도 약간 뿌려주세요.
16. 180℃로 예열한 오븐에 18~20분간 구워주세요."
퓨전류,김치라자냐,"라자냐면 7장 (만두피 대체가능), 고구마 1개, 새송이버섯 1개, 닭가슴살 1팩, 슈레드치즈 100g, 양파 약간, 당근 약간, 브로콜리 줄기 약간, 부추 약간, 토마토퓨레 3T (토마토소스 대체가능), 칠리소스 2T","1. 새송이버섯은 얄팍하게 슬라이스해서  살짝 구워 줍니다
2. 고구마는 쪄서   뜨거울때 버터넣고 으깨어 놓아요
3. 소스 만들게요     버터오일에 양파부터 볶다가 당근, 브로콜리 줄기를 넣고 볶아 줍니다  부추도넣고 볶아요     재료는 모두 입자있게 다지기했어요
4. 새송이버섯넣고 볶다가  김치넣고 볶아 줍니다
5. 토마토퓨레와 칠리소스를 넣고  쉐킷쉐킷~~     소스 완성입니다
6. 라자냐면도 삶을게요  끓는물에 소금넣고 라자냐면을 한 장씩 넣고  서로 붙지 않도록 10분 삶아 물기 빠지도록 넓게 펼쳐 둡니다     서로 붙지 않도록 하는것이 포인트~~  만두피를 라자냐면 대신 사용해도 됩니다
7. 오일살짝 바른 용기에 소스를 넉넉히 펼치고  라자냐면 → 소스 → 버섯 → 고구마 → 소스  라자냐면 → 닭가슴살 → 소스 → 슈레드치즈 듬뿍 올리기 합니다
8. 소스듬뿍 바르고 슈페드치즈도 듬뿍 올리고..
9. 오븐에 돌려주면 되는데  저는 전자렌지 4분돌려 치즈만 녹도록 했어요"
퓨전류,불닭리조또,"불닭볶음면 1/2개, 불닭소스 1개, 밥 1공기, 양파 1/4개, 베이컨 4줄, 물 2종이컵, 모짜렐라치즈 1/2종이컵","1. 양파, 베이컨은 채썬다.
2. 불닭볶음면의 면은 잘게 부순다.
3. 팬에 양파, 베이컨을 넣어 볶는다.
4. 물을 넣고 끓인다.
5. 부순면, 소스를 넣어 끓인다.
6. 밥을 넣고 저어가며 끓인다.
7. 모짜렐라치즈를 넣고 녹인 후 완성한다."
퓨전류,된장리조또,"쌀 1종이컵, 된장 1숟가락, 생크림 1종이컵, 차돌박이 100g, 맛술 2숟가락, 다진마늘 1숟가락, 청양고추 1개, 양파 1/4개, 소금 약간, 후추 약간, 올리브유 1숟가락, 치킨스톡 3종이컵, 파마산치즈가루","1. 양파는 다진다.
2. 청양고추는 반으로 갈라 씨를 제거하고 다진다.
3. 달군 팬에 차돌박이를 굽는다.
4. 소금, 후추를 뿌려 밑간 한다.
5. 팬에 올리브유를 약간 두르고 다진 마늘을 볶는다.
6. 다진양파, 쌀을 넣고 볶는다.
7. 치킨스톡 3종이컵을 넣어가며 볶듯이 쌀을 익힌다.
8. 쌀이 익으면 된장, 맛술, 생크림을 넣고 중불에 졸인다.
9. 소스가 걸쭉해지면 청양고추를 넣고, 소금, 후추로 간 한다.
10. 그릇에 리조또를 담고 차돌박이를 올려 완성한다."
퓨전류,불고기샌드위치,"식빵 4장, 상추 2장, 계란 2개, 토마토 1/2개, 슬라이스치즈 2개, 케첩, 버터 약간, 소불고기용 고기 200g, 간장 2큰술, 다진마늘 1큰술, 설탕 1큰술, 맛술 1큰술, 올리고당 1큰술, 참기름 1큰술","1. 소고기는 키친타월을 이용해  겉면에 묻어있는 핏물을 어느정도 제거해주세요
2. 하게 소불고기양념을 사다가 재워서 만들어먹어도 맛있지만  저는 간단하게 양념을 넣고 만들어봤어요  개인적인 취향에 맞게 준비해주시면 되겠죠~  간장, 다진마늘, 설탕, 맛술, 올리고당, 참기름을 분량대로 넣고  조물조물 양념이 골고루 베이게 조물조물 버무려주세요~
3. 그리고 이 상태로 랩을 씌워 냉장고에  약 10분정도 재워주었어요  더 오랫동안 놔두면 좀 더 양념이 잘 베여서 맛있었을텐데  저는 시간이 없어서 10분정도만 재워주고 사용했어요
4. 그리고 팬에 올려 센불로 볶아주세요~~
5. 고기를 볶아주는 동안 샌드위치에 들어갈 재료도  미리미리 준비해주었어요  토마토는 1개 잘랐다가 남았는데 1/2개정도면 2개 분량으로 딱 적당해요
6. 계란도 튀겨주세요~  계란은 일부러 노른자를 터뜨리지 않고  살짝 반숙으로 튀겨주었어요
7. 중간중간 고기도 뒤적뒤적 거려주시고요 ㅋㅋ  크기가 큰거는 볶아주면서 잘라주었어요
8. 그리고 버터를 두른 팬에 식빵도  노릇노릇하게 구워주었어요
9. 잘 구워진 빵 위에는 케첩을 살짝뿌려 발라주었고요  케첩대신 머스터드나 다른 양념을 취향에 맞게 넣어주셔도 좋아요  저는 케첩밖에 없어서 요것만 넣어주었는데  나름 괜찮았어요~
10. 그리고 케첩을 바른 빵 위에 상추를 한장 깔아주고  잘 볶아준 고기와 잘 익은 토마토를 두개씩 얹어주었고요  그 위에는 치즈를 한장 올려주었어요
11. 그리고 살짝 반숙으로 튀겨준 계란까지 올려주세요  반숙은 개인적인 취향이기 때문에 입맛에 맞게 튀겨주시면 되요^^
12. 그리고 빵 한면에 케첩을 한번 더 발라주고  계란위에 덮어주세요~~
13. 잘 만들어진 샌드위치를 랩으로 한번 힘주어서 감싸주시고  칼로 반반씩 잘라서 맛있는 불고기 샌드위치 완성시켰네요^^  불고기는 항상 밥반찬이나 술안주로 위주로 많이 먹었는데  요렇게 샌드위치로 즐기는것도 나름 매력이 있더라구요"
퓨전류,김치치즈오믈렛,"계란 4개, 양파 1/4개, 치즈 1장, 김치 40g, 소금 조금, 우유 50ml, 버터 30g, 식용유 2큰술","1. 양파를 다져주세요
2. 김치도 잘게 다져주세요
3. 치즈는 비닐을 벗기기 전에 칼집을 내서 준비해 줍니다.
4. 양파와 김치를 볶아서 소를 만들어 줍니다.
5. 계란을 풀고 우유를 부어서 잘 풀어주세요
6. 채반을 이용해서 알끈을 제거해 줍니다. 채반 아랫부분을 긴젓가락을 이용해서 살살 긁듯히 부드러운 계란물만 분리 시켜 줍니다.
7. 팬에 식용유 2스푼정도 넣고, 버터 30g을 넣어서 녹여주세요. 불은 약하게 하셔야 합니다.
8. 버터가 녹으면 계란물을 풀어주세요. 넣자마자 젓가락으로 휘저어 줍니다. 쉬면 안되요.
9. 젓다 보면 밑면이 보이는 시점이 보이는데 이때 팬을 한쪽으로 기울여서 한곳으로 모아줍니다.
10. 스크램블 직전의 계란 옆면을 살살 올려주시고, 안쪽에 김치와 치즈를 넣어줍니다.
11. 한쪽면을 기울이셨으면 가스불도 기울여진 쪽으로 익혀주세요. 옆면을 살살 뒤집어 가면서 안쪽으로 말아줍니다. 그렇게 하면서 오믈렛을 팬 바같쪽으로 밀어 내면서 젓가락을 받쳐주고 안으로 말아줍니다. 계속 반복입니다... 다 익을때까지 4~5번정도 굴려 주셔야 해요."
퓨전류,불닭파니니,"떡볶이떡 2줌 (300g), 프랑크 소시지 1개, 양파 1/4개, 청양고추 2개, 슬라이스 치즈 1장, 식용유 약간, 우유 2종이컵, 소금 약간, 후추 약간, 고추장 1.5숟가락, 고춧가루 1숟가락, 올리고당 1숟가락, 다진 마늘 1숟가락","1. 양파는 채 썰고 고추는 송송 썰고, 소시지는 어슷 썰어 준비한다.볼에 양념 재료를 넣고 양념장을 만든다.
2. 팬에 식용유를 두르고 양파를 넣어 볶다 소시지와 떡을 넣는다.
3. 양파가 투명해지면 양념 재료, 우유를 넣고 끓인다.
4. 소금, 후추 간을 하고 슬라이스치즈, 고추를 넣어 완성한다."
퓨전류,고추장리조또,"밥 2공기, 양파 1개, 버섯 1줌, 베이컨 6줄, 우유 400ml, 소금 적당량, 후추 적당량, 버터 2큰술, 다진마늘 1큰술","1. 먼저 재료를 다듬고 다져서 준비해 주세요~ 베이컨은 작은 크기로 잘라주시면 된답니다.
2. 달구어진 팬에 버터 반큰수저를 넣고 양파를 먼저 볶기 시작합니다. 양파가 갈색갈색한 정도로 볶이게 되면 다진마늘 1큰수저를 넣고 같이 볶아줍니다.
3. 볶아지고 있는 양파와 마늘위에 베이컨을 넣고 같이 볶아주다가 버섯을 넣고 살짝만 더 볶아주세요~ 우유 400ml를 넣어 보글보글 끓으면 (우유의 양은 적당히 가감해 주시면 되는데요~ 소스가 많은 리조토를 원하신다면 우유양을 늘리시고 그 반대시라면 우유의 양을 조금 줄이면 된답니다.)
4. 다시 버터 반큰수저를 더 넣고 밥을 넣어 끓여주세요~ (불려놓은 쌀을 볶아서 사용하셔도 되지만 밥으로 만드시는게 시간은 단축되지요 다만 너무 퍼지지 않게 주의하셔야 해요~ )
5. 후추 톡톡 뿌려주고 소금으로 간을 해 준뒤 한번 휘리릭 끓으면 끝!! 쉽고 간단하죠?
6. 간단하지만 맛있고 비쥬얼 좋은 맛있는 홈메이드 크림 소스 리조또가 완성되었어요~ 파슬리 솔솔 뿌려주니 더 맛있어 보이지 않나요?"
디저트류,티라미수,"카스테라 2개, 크림치즈 1통 (200g), 생크림 250ml, 설탕 50g, 코코아가루 약간, 커피 5g (카누사용), 따뜻한 물 100ml, 설탕 15g","1. 용기 크기에 맞게 3등분 해줬어요 윗부분은 사용하지 않았어요~  사용하셔도 무방합니다
2. 크림치즈에 설탕을 넣어주세요
3. 크림화가 될때까지 섞어주세요
4. 휘핑크림에 설탕을 넣고 휘핑해주세요 약간의 뿔이 올라올 정도로
5. 크림화 해놓은 크림치즈에 휘핑크림을 넣어주세요 2~3번 나눠서 넣어주세요
6. 크림치즈와 휘핑크림을 잘 섞어주세요
7. 커피시럽 만들기  따뜻한 물 100ml, 커피가루 5g, 설탕 15g
8. 잘라놓은 카스테라를 용기에 넣어주세요
9. 커피시럽을 촉촉하게 적셔주세요
10. 필링을 올려주세요  평평하게 필링을 만들어주세요~
11. 똑같은 방식으로 한 번 더 쌓아주세요
12. 마지막으로 코코아 파우더를 뿌려주세요"
디저트류,치즈케이크,"크림치즈 350g, 생크림 70g, 사워크림(플레인 요구르트) 120g, 설탕 65g, 달걀 2개, 박력분 4큰술, 다이제 비스킷 135g, 버터 85g","1. 다이제 비스킷은 비닐봉지에 넣고 밀대로 밀어 잘게 부숴주고 부순 다이제 비스킷을 볼에 담고 녹인 버터와 섞어주세요.
2. 유산지를 깐 팬에 녹인 버터와 섞은 다이제 비스킷을 꾹꾹 눌러 깔아준 뒤 냉동실에 넣어주세요.
3. 부드럽게 푼 크림치즈에 사워크림을 넣고 섞어준 후 설탕, 생크림을 넣고 잘 섞어주세요.
4. 풀어둔 달걀을 2~3차례 나눠 넣어가며 거품기로 섞어주세요.
5. 마지막으로 체에 내린 박력분을 넣고 잘 섞어주세요.
6. 반죽을 팬에 담아 170도로 예열한 오븐에서 40분, 140도로 예열한 오븐에서 15~20분간 색을 보며 구워주세요."
디저트류,브라우니,"밀가루 1/4컵 (약18g), 설탕 1/4컵 (약18g), 코코아파우더 2밥숟가락 (or 제티), 식용유 2밥숟가락, 우유 1/4컵, 슈가파우더 적당량 (선택사항)","1. 컵에 준비한 밀가루를 넣어주세요 (체를 쳐서 넣으면 더 섞기가 쉬워요^^)
2. 준비 된 설탕도 넣습니다 (단걸 좋아하신다면 원래 레시피에서 설탕 2~3스푼정도를 추가하셔도 될것 같아요!!)
3. 코코아파우더나 제티 (핫초코 가루)도 2스푼 넣어주세요  (밀가루와 마찬가지로 체를 치면 더 편하겠죠?)
4. 이제 식용유를 2스푼 넣습니다 (녹인버터를 사용하셔도 되요!!)
5. 준비된 우유를 넣고 잘 섞어주세요
6. 이제 전자레인지에 넣고 1분간 돌린 후, 10초씩 3번 돌려주세요 (총 1분 30초)
7. 마지막으로 데코용 슈가파우더를 뿌려주시면 완성입니다!! 슈가파우더는 꼭 뿌리지 않으셔도 되요^^
8. 맛있게 드시면 됩니다♥ 따뜻할때 우유랑 드시면 정말 맛있어요~"
디저트류,마카롱,"아몬드가루 60g, 슈가파우더 80g, 달걀흰자 50g, 설탕 45g, 색소 조금","1. 아몬드가루는 체에 쳐줘야하는데 잘안쳐지잖아요 그럴때 손으로 막 문질문질 하니까 꼬끄가 얼룩덜룩해지는거 같아요(개인적인생각) 안쳐지면 안쳐진 양만큼 아몬드가루를 더 넣어 체쳐주세요
2. 일단 흰자에 설탕을 3번 나누어 넣으며 단단한 머랭을 만들어줍니다 이때 색소를 넣어섞어 줍니다.
3. 저는 머랭에 가루를 3번 나누어 넣으니 자꾸 머랭이 죽고 마카로나쥬 하기전에 흐물흐물 해져서 가루에 머랭을2번 나누어 넣는방법을 쓸거에요
4. 머랭반을 넣어 줍니다
5. 약간 뻑뻑해 보이죠 이때 머랭 반을 더 넣어 살살 섞어줍니다. 약간덜섞였을때부터 마카로나쥬를 해주면 너무머랭이 죽지않고 좋더라구요
6. 마카로나쥬까지 했는데 사진 찍는걸 까먹고 짤주머니에 바로 넣을뻔해서 저상태로 찍었내요 주르르 떨어뜨렸을때 계단모양 으로 접힐때가 딱좋습니다.
7. 원하는 크기로 짜주세요 4.5정도로 16개 나올거에요 전 작게2개짰더니 잘못된선택이였어요 꼬끄 하나가남더라구요ㅜㅜ 건조 50분~1시간 정도 해주세요
8. 160도에 12분 구우니까 마카롱이 오븐팬에서 똑똑 잘떨어지고 안은 촉촉한게 좋으네요
9. 얼룩덜룩하지도 않고 예쁘네요ㅎㅎ
10. 남은 하나 갈라보니까 꽉차있네요 반 쪼개다가 다부서버렸어요ㅠㅠ
11. 짝을 맞춰주세요
12. 생크림 사는걸 잊어서 다크초콜릿 50그람에 우유15g넣어 전자렌지돌려서 가나슈 만들었어요 코코넛가루2스푼 넣어봤는데 코코넛맛이안나네요ㅜㅜ
13. 가나슈를 짜고 덮어줍니다
14. 완성!! 하루냉장고 넣어놨다가 먹으면 더맛있어요!!"
디저트류,푸딩,"레몬즙 6 방울, 우유 120ml, 달걀 1개, 설탕 2스푼, 설탕 2스푼, 물 2스푼","1. 높이가 낮은 머그컵에 설탕 2스푼과 물 2스푼을 넣고 대충 섞어 줍니다
2. 전레인지에 2분,1분,30초 순으로 나눠서 읶혀 주세요 이정도 색이 나오면 아주 잘한거에요
3. 다른컵에)달걀 1개,설탕 2스푼,레몬즙 6방울 넣어요 젓가락으로 섞어요
4. 모두 섞으면 우유를 붓고 다시 섞어요
5. 다른컵에 )체망을 걸러주세요 걸르지 않으면 계란찜 되니 조심
6. 아까만들었던 시럽에 부어요 거이다 완성 ㅎㅎ
7. 이제 전자레인지에 익혀야 해요 짧게 끊어가면서 식혀야 해요 1분,10초,10초,10초,10초 물같다고 오래 돌리면 계란찜 되요ㅜㅜ
8. 이제 랩을 싸고수건으로 감싸 잔열로 푸딩을 더 익혀줍니다 15분동안 유지후 냉장고에 3시간 굳힙니다
9. 접시를 컵 위에 올려 조심히 뒤집어요
10. 뒤집었으면 푸딩이 잘빠지게 흔들어줘요"
디저트류,에그타르트,"박력분 200g, 설탕 10g, 소금 3g, 차가운 무염버터 130g, 노른자 1개, 차가운 물 50g, 노른자 4개, 설탕 65g, 우유 150g, 생크림 150g, 바닐라익스트랙 1tsp","1. [파트 브리제] 박력분을 체에 내려서 넣고 설탕과 소금도 넣어주세요.
2. 거품기로 골고루 섞어주세요.
3. 사방 1cm 크기로 썬 차가운 버터를 넣고
4. 스크래퍼로 다지듯이 섞어주세요.
5. 버터가 팥알 크기 정도가 되면 그만 다져주세요.
6. 가운데에 홈을 만들고 노른자와 차가운 물을 섞어서 부어주세요.
7. 주걱으로 가르듯이 섞다가 재료가 뭉쳐지면 가볍게 반죽해주세요.
8. 완성된 반죽은 냉장고에 1시간 정도 휴지시켜주세요.
9. [필링] 냄비에 우유와 생크림을 넣고 끓기 직전까지만 따뜻하게 데워주세요.
10. 볼에 노른자와 설탕을 넣고 잘 섞어주세요.
11. 노른자가 익지 않도록 데운 우유와 생크림을 조금씩 넣어가며 잘 섞어주세요.
12. 완성된 필링은 체에 1~2번 걸러주세요.
13. 반죽을 0.3cm 두께로 밀어주세요.
14. 지름 9cm 쿠키커터로 찍어주세요.
15. 틀에 넣고 모양을 잡아주세요.
16. 필링을 90% 채워주세요.
17. 190℃로 예열한 오븐에 20~25분간 구워주세요."
디저트류,크렘브륄레,"노른자 4개, 우유 300ml, 설탕 50g, 바닐라엑스트랙 1g, 감자전분 20g","1. 노른자, 설탕, 전분을 넣고 섞어주세요.
2. 우유에 바닐라엑스트라를 넣고 60~70도 까지 데웁니다.
3. 1번에 데운 우유를 넣고 잘 섞어줍니다.
4. 중탕으로 가열하여 걸죽하게 만듭니다.
5. 채에 걸러 부드럽게 만듭니다.
6. 컵에 담은 후 냉장고에 2시간 이상 식혀줍니다.
7. 설탕을 한 테이블스푼(10g정도)를 위에 올려 토치로 카라멜을 만듭니다."
디저트류,초코칩쿠키,"버터 100g (5T), 황설탕 60g (1/3컵), 올리고당 20g (2T), 계란 1개, 박력분 1.5컵 (150g), 코코아가루 15g (2T), 베이킹파우더 2g (1/2t), 초코칩 80g (2/3컵)","1. 버터를 풀어준다.
2. ​ 풀어준 버터에 설탕을 넣고 섞는다.
3. 올리고당을 넣고 섞는다.
4. ​ 계란을 넣고 섞는다.​
5. 박력분+코코아가루+베이킹파우더를 체쳐넣고 섞는다.
6. 초코칩을 넣고 섞는다.
7. 한 스푼씩 떠서 눌러 준 후
8. 오븐(180℃)에서 10~12분간 굽는다. ​
9. 촉촉한 초코칩쿠키. 속은 촉촉하고 겉은 바삭까지는 아니지만 맛있어요. 우유에 콕 찍어먹어도 맛있구 아이들 간식으로 제격이에요."
디저트류,딸기케이크,"핫케이크 믹스 100g, 플레인 요거트 120g, 달걀 1개, 설탕 2숟가락, 딸기잼 2숟가락, 딸기, 슈가파우더, 메이플시럽","1. 볼에 달걀과 설탕을 섞는다.
2. 요거트와 잼을 넣고 섞은 뒤 베이킹파우더를 넣어 반죽한다.
3. 180도로 예열된 오븐에 20분 굽는다.
4. 딸기로 장식한 후 슈가파우더를 뿌려 완성한다."
디저트류,롤케이크,"박력분 80g, 계란 4알, 식용유 30g, 설탕 1번 20g, 설탕 2번 50g, 우유 50g, 생크림 200ml, 설탕 20g","1. 재료를 준비해주세요~. (계란은 흰자와 노른자로 분리해주세요~.)
2. 계란노른자에 설탕 20g을 넣고 뽀얗게 올라올때까지 섞어주세요~.
3. 우유와 식용유를 넣고 섞어주세요~.
4. 박략분을 체에쳐서 넣어주세요~.
5. 가루가 안보일때까지만 살짝 섞어주세요~.
6. 계란 흰자에 설탕 50g을 세번에 걸쳐서 넣고 머랭을 만들어주세요~.
7. 뿔모양이 정확히 올라오면 머랭 완성입니다~.
8. 머랭의 1/3을 아까 만들어놓은 반죽에 넣고 가볍게 섞어주세요~.
9. 나머지 머랭을 넣고 머랭거품이 꺼지지않게 #모양으로 가르듯이 섞어주세요~.
10. 철판에 유산지를 깔아준뒤에 반죽을 부어주세요~.
11. 170도의 오븐에 15분정도 구워주세요~. 굽고난뒤 바로 종이를 제거해 미지근해질때까지 식혀주세요~.
12. 생크림에 설탕 20g을 넣고 빡빡하게 크림을 올려주세요~.
13. 뻑뻑하게 올려주셔야 롤케이크를 말때 편하답니다~.
14. 색이 난부분에 생크림을 펴발라 주세요~.
15. 빵 끝과 끝을 맞닿게 말아준뒤에 유산지로 감싸 냉장고에서 차갑게 식혀주세요~.
16. 먹기좋은크기로 썰어주면 도지마롤 완성입니다~."
디저트류,바나나빵,"통밀가루 140g, 바나나 280g, 버터 55g, 설탕 60g, 달걀 1개, 우유 40ml, 바닐라향 1/2작은술, 베이킹파우더 1/4작은술, 고운소금 1/4작은술","1. 버터 55g,설탕 60g 을 넣고 저으면서 녹여 주세요 (그릇을 따뜻한 물 위에 올려 놓고)
2. 달걀 1개 넣고 풀어 주세요
3. 바나나 2개를 넣고 으깨 주세요
4. 우유 40ml를 넣어 주세요
5. 체에 통밀가루,바닐라향,베이킹파우더,고운소금을 넣고 내려 주세요 고루 섞어 준 후
6. 오븐용 그릇에 기름을 바르고 반죽을 70~80%만 채워 주세요
7. *오븐형 에어프라이어에 예열 한 후 160도 50분 구운후 젓가락으로 찔려보니 아직 덜 익었네요.20분 더 구웠습니다. *다음 번에는 170도에서 50분으로 해 볼까합니다
8. 노릇하게 맛나게 보이네요
9. 한소큼 식힌 후 꺼내서 썰어 주세요"
디저트류,팬케이크,"중력분 120g, 설탕 17g, 베이킹파우더 3g, 우유 상온 1종이컵, 달걀 1개, 버터 1t, 딸기 1종이컵 (냉동), 생크림 조금, 베리잼 1t","1. 팬케이크 가루가 없으신 분들은, 계량부터 할게요!
2. 중력분 밀가루 120g과
3. 설탕 17g
4. 베이킹파우더 3g을 넣어줍니다.
5. 팬케이크 가루가 준비되었으니 구울 준비를 해볼게요. 재료를 준비해주세요.
6. 준비한 가루는 체쳐서 그릇에 담아주세요.
7. 미지근한 우유 한 컵과
8. 달걀도 하나 톡 깨뜨려 넣어주세요. 뭉침 없이 잘 섞어줍니다.
9. 점도는 이 정도로 하시면 됩니다. 떨어졌을 때 반죽표면에 살짝 자국이 남았다 사라지는 정도에요.
10. 팬에 기름을 한 두방울 떨어뜨려주시고, 팬을 가볍게 닦아내주세요.
11. 달궈진 팬에 밥수저 2스푼 정도의 양을 팬에 올려줍니다.
12. 가장 작은팬을 사용해서 가득차 보이네요. 일반 팬 사용하시면 됩니다 :)
13. 폭신하게 부풀어오르고 기포가 생기면 잘되어가고 있다는 표시입니다.
14. 기포가 생기고 나면 뒤집어주세요.
15. 만들어진 팬케이크들은 겹겹이 올려주시고, 사이사이 버터를 조금씩 올려주세요. 녹으면서 버터향이 베인답니다.
16. 토핑재료로는 집에있는 생크림, 베리잼, 냉동딸기를 이용해봤어요.
17. 차곡차곡 쌓은 팬케이크 위로 토핑재료들을 올려주시면 됩니다 !"
디저트류,와플,"박력분 200g, 베이킹파우더 6g, 설탕 60g, 소금 2g, 달걀 2개, 우유 200g, 바닐라익스트랙 1tsp, 식용유 60g (또는 녹인 버터)","1. 볼에 박력분과 베이킹파우더를 체에 내리고 설탕, 소금도 넣어주세요.
2. 거품기로 골고루 섞어주세요.
3. 달걀과 우유를 섞은 다음 가루에 조금씩 부어가며 가루가 뭉치지 않도록 잘 섞어주세요.
4. 바닐라 익스트랙과 식용유를 넣고 잘 섞어주세요.
5. 반죽 끝!
6. 예열한 와플 팬에 기름을 발라주세요.
7. 반죽을 6Ts 부어주세요(와플 팬 14cm 기준).
8. 와플 메이커로 5분간 구워주세요(와플 후라이팬은 약불로 뒤집어가며 총 5분간 구워주세요).
9. 잘 구워진 와플은 젓가락으로 떼어주세요.
10. 식힘망에 올려 충분히 식혀주세요."
디저트류,젤라또,"마시멜로우 적당량, 젤라또야 아이스크림 적당량","1. 마시멜로우를 뚫어 아이스크림을 담을 수 있는 공간을 만들어 주세요
2. 비어있는 마시멜로 속에 젤라또야 아이스크림을 넣어주세요
3. 마시멜로 뚜껑을 덮고 나무젓가락을 이용해 고정해주세요
4. 불을 이용해서 표면을 살짝만 그을려주세요. 토치가 부담스러우면 가스레인지 멀리서 약불로!"
디저트류,수플레,"초콜릿 40g, 계란 2개, 설탕 1/2T, 커피우유 100ml, 블루베리 8알, 슈가파우더 약간","1. 계란 흰자를 분리해 주세요.
2. 머랭치기 흰자에 설탕을 조금씩 넣으면서 거품을 내주세요.
3. 엎었을 때 안 떨어지면 머랭이 완성 된거에요.
4. 초콜릿 중탕 하기 약불로 냄비에 녹여주세요.
5. 중탕한 초콜릿에 커피우유를 부어 같이 섞어주세요. 약간의 커피향을 내기 위함이라 생략은 가능해요.
6. 완성된 머랭에 초콜릿 + 커피우유 섞은것을 섞어주세요.
7. 머그컵 2/3 정도 높이까지 반죽을 부어주세요. > 블루베리를 넣어줍니다.
8. 에어프라이어 180도 10분 + 2분 정도 구워주세요.  용량 및 오븐에 따라 시간을 달라질 수 있어요.
9. 중간에 칼집을 내줘서 인지 예쁘게 부풀어 오르더니 이내 갈라졌네요,ㅎ
10. 슈가파우더 올려주면 완성.~ 슈가파우더 만들기  설탕 + 전분가루 = 9 : 1 설탕 9T + 전분가루 1T 넣고 믹서기에 갈아주면 됩니다."
디저트류,파블로바,"계란 흰자 4개, 옥수수전분 10g, 설탕 130g, 딸기 (넣고싶은만큼), 생크림 150ml, 설탕 30g","1. 재료를 준비해주세요~.
2. 계란 흰자에 설탕 130g의 반을 넣고 머랭을 만들어주세요~.
3. 이렇게 하얀거품이 올라오면 나머지 설탕을 넣고 머랭을 단단하게 만들어주세요~.
4. 머랭의 뿔이 올라오고 단단한머랭이 되면 전분을 넣고 30초정도 휘핑을 해주세요~.
5. 그릇을 뒤집었을때 머랭이 떨어지지않으면 단단한 머랭이랍니다~!!♡♡♡
6. 완성된 머랭을 원하는 크기로 모양을 만들어 펼쳐주세요~.
7. 100도의 오븐에서 1시간30분정도 구워주세요~. (머랭을 굽고난뒤에는 식혀주세요~!!)
8. 딸기를 원하는 모양으로 잘라주세요~.
9. 생크림에 설탕 30g을 넣고 단단하게 휘핑해주세요~.
10. 식힌머랭에 생크림과 딸기를 올려주세요~.
11. 다른 머랭으로 덮어주세요~.
12. 생크림과 딸기를 올려주세요~.
13. 원하는대로 파블로바를 꾸며주면 완성입니다~!!♡♡♡"
디저트류,레몬타르트,"박력분 160g, 버터 80g, 설탕 60g, 소금 약간, 노른자 1개, 레몬즙 조금, 레몬 2개, 설탕 70g, 꿀 2숟가락, 계란 3개, 버터 80g, 설탕 50g, 물 100g","1. 큰 볼안에 말랑해진 버터를 넣고 거품기로 열심히 저어준다. 마요네즈 때깔처럼 크림화를 만들어주고 설탕과, 소금 정말 아주 조금을 넣고 다시 저어준다. 계란 노른자 1개 톡 깨서 넣고, 거품기로 역시 저어준 후 계란잡내를 제거하기 위해 레몬즙을 살짝 넣어준다.
2. 박력분은 체쳐서 넣어준다. 주걱들고 세워서 반죽을 해준다. 눌르거나 치대거나 하지말고 주걱을 세워 십자가를 그리 듯 박력있게 끊어서 반죽을 한다.
3. 소보루 형태처럼 만들어졌을때 제빨리 손을 이용해 반죽을 한덩어리로 뭉쳐준다. 손으로 반죽을 너무 오래잡고 있거나 반죽을 빨래하듯 쥐어짜며 치대거나 하지 말것. 그냥 한덩어리로 만들어지게 꼭꼭 재빨리 뭉쳐준다. 그러다보면, 소보루 형태처럼 날라다니던 반죽이 한덩어리로 만들어진다. 한덩어리로 만들어준 반죽은 랩이나비닐안에 넣고 납작하게 평평하게 눌러준 후, 냉장고에 약 30분간 넣어준다.
4. 냉장고에서 꺼낸 반죽은 그냥 작업대 위에 올리지말고, 반드시 아래에 랩이나 비닐을 깔고, 그 위에 반죽을 올려 밀대를 이용해 밀어준다. 약 0.3cm 두께로 평평 하게 밀어 아래에 깔린 비닐을 통째로 조심히 들고 타르트 틀 위에 조심히 얹어준다.
5. 틀 위에 올렸으면 비닐을 조심스럽게 벗겨준다. 반죽 옆 높이부분을 정리해준다. 그러면 길게 나온 반죽부분이 저절로 정리가 된다. 그런후 반죽 옆 바닥부분을 손가락으로 정리해준다.
6. 바닥부분에 포크로 콕콕 찍어준다.
7. 예열된 오븐 170도씨 20분간 굽는다. 다 굽고 난 후, 잠시 꺼내서 한김 식힌후, 계란노른자를 바닥부분 옆면부분 모두 발라준다. 계란물을 발라준 반죽은 다시 예열된 오븐 180도씨에서 약 5분간노릇하게 구워준다.
8. 레몬 1개는 흐르는물에 깨끗이 씻는다. 껍질까지 사용할꺼니, 박박 문질르며, 소다등을 이용해 깨끗이 씻어주기. 씻은 레몬은 물기를 닦아주자.
9. 강판을 이용해 레몬을 노란 레몬 껍질만 남게 박박 문질른다. 노란 레몬껍질을 강판에 갈다보면 하얀 부분이 희끗희끗 보일것이다. 하얀 부분은 갈지 말고 노란색 껍질부분만 갈아준다.
10. 노란 껍질부분을 갈아주었으면 레몬을 반으로 잘라, 레몬즙을 충분히 짜둔다.
11. 냄비안에, 계란 3개와 설탕을 넣고 골고루 저어준다. 젓다가 설탕이 녹으면 꿀을 넣고 젓다가 방금 만들어준 레몬즙과 레몬껍질을 넣고 역시 골고루 저어준다. 재료가 다 섞였으면. 이제 불 위에 올린다. 약불에 올린후에는 거품기나 주걱을 이용해 저으면서 가열해준다. 레몬크림이 걸죽해지면 살짝 단단해지고 묵찍하게 졸여진다 싶을때 불에서 얼른 내린다.
12. 뜨거운 열기가 남아있을때, 말랑한 버터 80를 넣고 같이 골고루 저어준다. 남은 열이 있기때문에 버터도 잘 녹는다. 이렇게 만든 레몬 크림은 충분히 식혀두자.
13. 이제 충분히 식혀둔, 타르트 틀 안에 레몬크림을 부어준다.
14. 레몬 반개~1개분을 얇게얇게 슬라이스쳐서 썰어준 후, 냄비안에 물 100g을 넣고, 설탕 50g을 넣고 대충 섞어준후, 슬라스친 레몬을 같이 넣어준다. 불을 킨 후 바글바글 끓이듯 졸여준다. 설탕시럽이 걸죽하게 다 졸여졌을때. 레몬조각만 남겨졌을때 불에서 내려준다. 이렇게 시럽에 졸인 레몬은 한 김 식힌후, 다 만들어진 레몬 타르트 위에 조심스럽게 올려준다. 레몬을 올렸으면 틀째 조심히 들어, 냉장고에 5~6시간 정도 넣어둔다."
디저트류,카라멜푸딩,"설탕 50g, 물 1T, 뜨거운 물 2T, 달걀 2개, 달걀 노른자 1개, 우유 270ml, 설탕 70g, 바닐라빈 1/3개, 버터 약간","1. 푸딩컵에 버터를 얆게 바른다.
2. 냄비에 설탕과 물 1T을 넣고 갈색이 될 때까지 젓지 않고 끓인다.
3. 갈색이 되면 불을 끄고 뜨거운 물 2T을 조금씩 넣으면서 섞는다.
4. 내열 용기나 푸딩컵에 카라멜 소스를 나누어 담는다.
5. 냄비에 우유와 바닐라 빈을 넣고 데운다.
6. 볼에 달걀, 달걀 노른자, 설탕을 넣고 거품기로 잘 섞는다.
7. 데운 우유를 넣고 잘 섞은 후 체에 한번 걸러 카라멜소스를 부어 둔 용기에 나누어 담는다.
8. 푸딩용기 윗부분을 쿠킹호일로 감싼다.
9. 냄비에 푸딩컵 절반 정도가 잠길만큼 물을 부어 끓인 후 푸딩컵을 넣고 약불에서 10~15분 찐다.
10. 냉장고에서 2시간 이상 완전히 차갑게 식힌 후 용기에서 분리해 완성한다."
디저트류,오레오케이크,"오레오 15개, 생크림 300g, 우유 1/2컵","1. 오레오를 우유에 푹 담궜다 빼내서 케이크통 바닥에 빈틈없이 채워주세요
2. 다른통에 생크림 절반인 150g을 넣고 잘게 부신 오레오 3개와 잘 섞어 주세요
3. 이렇게 만들어진 오레오크림을 오레오 위에 발라주세요
4. 그 위에 또 우유 적신 오레오를 올려주세요
5. 남은 생크림을 그 위에 발라준 뒤, 오레오를 부셔 예쁘게 데코해주면 완성!"
